material_id,formula,G,K,reduced
mp-864906,MgSnIr2,529.42,175.938,MgSnIr2
mp-865752,YbGa2Ir,390.759,119.703,YbGa2Ir
mp-973434,Hf2IrRu,376.325,199.022,Hf2IrRu
mp-862791,GaCuPt2,298.985,185.797,GaCuPt2
mp-973133,ScCuPd2,285.597,127.319,ScCuPd2
mp-631441,NbBi2Mo,284.254,117.828,NbBi2Mo
mp-864671,HfAlRh2,270.528,187.174,HfAlRh2
mp-977435,ZrAlRh2,249.566,179.07,ZrAlRh2
mp-865066,HfInRh2,244.174,172.181,HfInRh2
mp-865378,LuSnRh2,236.351,142.714,LuSnRh2
mp-631377,Re2PtRh,233.098,293.668,Re2PtRh
mp-974583,NdSmIr2,217.193,116.681,NdSmIr2
mp-862623,ScSnRh2,212.422,154.264,ScSnRh2
mp-865252,TmSnRh2,187.815,141.544,TmSnRh2
mp-862629,ScRh2Pb,187.799,139.016,ScRh2Pb
mp-866075,MgTaIr2,183.204,216.134,MgTaIr2
mp-865785,YbHfIr2,176.796,159.762,YbHfIr2
mp-865443,LuRh2Pb,168.188,129.632,LuRh2Pb
mp-7366,Sr(AgSn)2,163.745,49.71,Sr(AgSn)2
mp-863735,ErRh2Pb,158.517,126.347,ErRh2Pb
mp-867170,LiGaPt2,153.628,151.641,LiGaPt2
mp-976125,PrGaAu2,152.053,75.216,PrGaAu2
mp-862445,TaAlOs2,143.473,268.452,TaAlOs2
mp-865664,TiRe2W,142.198,287.241,TiRe2W
mp-862700,AlVOs2,140.544,270.525,AlVOs2
mp-867249,TaAlFe2,139.325,219.675,TaAlFe2
mp-961650,AlVNi,139.154,119.158,AlVNi
mp-5778,AlVFe2,137.797,220.899,AlVFe2
mp-865497,V2ReOs,136.853,289.662,V2ReOs
mp-862446,TaAlRu2,132.422,240.988,TaAlRu2
mp-31185,MnAlFe2,131.417,204.228,MnAlFe2
mp-864650,Ta2OsW,131.157,272.496,Ta2OsW
mp-864770,Ta2MoOs,131.074,265.254,Ta2MoOs
mp-866284,Al2IrOs,130.885,233.311,Al2IrOs
mp-998965,TiInFe2,130.828,246.765,TiInFe2
mp-864980,MnAlRu2,130.613,218.933,MnAlRu2
mp-862774,LiInPt2,129.985,128.499,LiInPt2
mp-865278,NbAlOs2,129.33,260.723,NbAlOs2
mp-865499,V2TcOs,129.105,275.44,V2TcOs
mp-864989,Mn2AlRe,128.084,255.756,Mn2AlRe
mp-865989,Al2IrRu,127.182,218.535,Al2IrRu
mp-865280,NbAlFe2,126.798,209.082,NbAlFe2
mp-864990,Mn2AlW,126.511,237.182,Mn2AlW
mp-867507,TaGaFe2,126.478,222.56,TaGaFe2
mp-981365,V2ReRu,126.088,268.222,V2ReRu
mp-998980,TiAlFeCo,126.046,189.547,TiAlFeCo
mp-867271,Be2CoNi,125.949,194.115,Be2CoNi
mp-867280,Be2IrPt,125.302,238.159,Be2IrPt
mp-865665,TiReTc2,125.232,271.275,TiReTc2
mp-866001,AlVRu2,125.212,236.108,AlVRu2
mp-865966,BeAlIr2,124.518,237.931,BeAlIr2
mp-972641,SmHoIr2,124.147,127.431,SmHoIr2
mp-972323,TaNbTc2,123.911,251.053,TaNbTc2
mp-867275,BeVOs2,123.705,276.013,BeVOs2
mp-21883,VGaFe2,122.941,222.851,VGaFe2
mp-866213,TiTc2Mo,122.887,248.307,TiTc2Mo
mp-867788,TaGaOs2,122.335,268.88,TaGaOs2
mp-862699,ScTaOs2,121.918,235.29,ScTaOs2
mp-866154,TiBeIr2,121.444,241.903,TiBeIr2
mp-1101850,Ho3(CuSn)4,121.332,82.772,Ho3(CuSn)4
mp-867326,Al2RuRh,119.809,200.128,Al2RuRh
mp-865842,Ti2OsRu,119.766,231.602,Ti2OsRu
mp-865810,TiTc2W,119.069,257.893,TiTc2W
mp-865717,Ti2ReIr,118.676,234.973,Ti2ReIr
mp-862691,Al2FeCo,118.533,179.509,Al2FeCo
mp-864782,Ta2MoRu,118.496,246.749,Ta2MoRu
mp-865019,HfGaRh2,118.314,183.393,HfGaRh2
mp-865485,V2CrOs,118.265,261.007,V2CrOs
mp-866114,HfTc2W,118.179,246.139,HfTc2W
mp-862622,BeRu2W,117.74,270.586,BeRu2W
mp-867846,TaTiRe2,116.994,257.421,TaTiRe2
mp-11537,NbAlRu2,116.78,230.476,NbAlRu2
mp-631302,ScVFe,116.716,98.321,ScVFe
mp-972205,V2MoOs,116.67,263.582,V2MoOs
mp-865462,MnV2Os,115.151,265.263,MnV2Os
mp-865229,Be2NiIr,114.747,231.437,Be2NiIr
mp-976082,Mn2GaW,114.133,240.29,Mn2GaW
mp-862600,Be2PtRh,113.636,216.114,Be2PtRh
mp-977545,ZrTc2W,113.467,238.342,ZrTc2W
mp-867274,Be2CoIr,113.398,219.36,Be2CoIr
mp-865656,TiMn2W,113.185,243.092,TiMn2W
mp-865442,TiAlOs2,113.141,244.229,TiAlOs2
mp-998964,TiGaFeCo,113.059,192.595,TiGaFeCo
mp-862695,Al2CoRu,112.686,185.345,Al2CoRu
mp-865484,V2CrRe,112.266,253.319,V2CrRe
mp-865586,VGaRu2,112.122,236.904,VGaRu2
mp-865003,Be2IrPd,111.931,214.003,Be2IrPd
mp-865916,TiVRe2,111.69,257.696,TiVRe2
mp-867270,Be2CoPt,111.666,207.943,Be2CoPt
mp-865653,TiNbRe2,111.453,250.96,TiNbRe2
mp-862781,AlCrRu2,111.317,230.931,AlCrRu2
mp-984352,Al2CoOs,111.008,203.003,Al2CoOs
mp-865840,Ti2TcIr,110.73,223.944,Ti2TcIr
mp-865533,Ti2ReOs,110.684,240.23,Ti2ReOs
mp-977353,Ta2ReMo,110.354,256.583,Ta2ReMo
mp-866031,Al2FeIr,110.178,203.229,Al2FeIr
mp-865501,V2TcRu,109.902,254.239,V2TcRu
mp-865025,HfTaRe2,109.351,244.954,HfTaRe2
mp-864640,Ta2NbIr,108.32,234.508,Ta2NbIr
mp-862705,AlZnIr2,108.285,220.942,AlZnIr2
mp-867786,ScNbOs2,108.258,220.674,ScNbOs2
mp-867927,LiVIr2,108.216,223.046,LiVIr2
mp-19963,TiFe2Sn,108.178,183.277,TiFe2Sn
mp-980749,VFeRu2,108.03,232.744,VFeRu2
mp-864943,MnBe2Ir,108.004,193.511,MnBe2Ir
mp-866051,HfFe2Sn,107.986,183.726,HfFe2Sn
mp-864715,HfInCo2,107.967,206.086,HfInCo2
mp-867120,TaMn2Al,107.903,201.123,TaMn2Al
mp-864908,MgTiIr2,107.865,191.279,MgTiIr2
mp-864895,Be2NiRh,107.76,194.531,Be2NiRh
mp-866219,HfSnRu2,107.6,199.577,HfSnRu2
mp-867304,BeVFe2,107.484,212.177,BeVFe2
mp-865021,Be2RuPt,107.454,219.105,Be2RuPt
mp-867116,BeGaIr2,107.436,238.142,BeGaIr2
mp-979267,Ta2FeMo,107.068,231.554,Ta2FeMo
mp-865921,MgAlIr2,106.717,188.646,MgAlIr2
mp-977401,NbGaRu2,106.447,233.221,NbGaRu2
mp-982725,Nb2RuW,106.444,237.553,Nb2RuW
mp-865888,TiSnRu2,106.326,205.955,TiSnRu2
mp-22610,Mn2SnW,105.854,219.188,Mn2SnW
mp-30570,CrGaFe2,105.307,204.598,CrGaFe2
mp-866152,TiBeCo2,104.999,191.214,TiBeCo2
mp-864639,Ta2NbOs,104.993,240.518,Ta2NbOs
mp-972209,Ta2TcW,104.672,250.356,Ta2TcW
mp-865048,TiZnIr2,104.561,226.509,TiZnIr2
mp-867216,TaFeRu2,104.493,238.287,TaFeRu2
mp-862296,LiAlPt2,104.435,151.998,LiAlPt2
mp-977425,Ta2CrRu,104.198,243.884,Ta2CrRu
mp-861978,Hf2ReIr,103.795,213.322,Hf2ReIr
mp-867837,BeCrRu2,103.767,254.421,BeCrRu2
mp-865494,V2CrRu,103.536,241.192,V2CrRu
mp-10884,AlFeCo2,103.489,187.706,AlFeCo2
mp-864927,Hf2ReOs,103.317,217.65,Hf2ReOs
mp-3340,TaAlCo2,103.041,203.111,TaAlCo2
mp-977363,Ta2TcMo,102.984,242.63,Ta2TcMo
mp-865490,V2CrFe,102.939,231.816,V2CrFe
mp-864950,MnAlIr2,102.886,228.585,MnAlIr2
mp-862287,BeAlRh2,102.765,199.23,BeAlRh2
mp-3623,MnAlCo2,102.715,188.169,MnAlCo2
mp-865948,Ti2ReRh,102.659,213.72,Ti2ReRh
mp-13079,Mn2AlCo,102.599,158.934,Mn2AlCo
mp-866127,LuTaOs2,102.576,218.717,LuTaOs2
mp-636320,TiGaFe2,102.391,190.307,TiGaFe2
mp-864988,Mn2AlCr,102.349,193.97,Mn2AlCr
mp-867897,ScTaRu2,102.073,204.892,ScTaRu2
mp-861912,TaTiTc2,101.829,230.754,TaTiTc2
mp-4955,AlVCo2,101.019,195.177,AlVCo2
mp-977561,LiTaIr2,100.908,222.448,LiTaIr2
mp-866071,MgTaOs2,100.834,228.974,MgTaOs2
mp-865011,Mn2NbAl,100.021,195.796,Mn2NbAl
mp-867307,Be2RuAu,99.781,193.573,Be2RuAu
mp-866115,Be2PdRh,99.772,193.549,Be2PdRh
mp-865020,HfMgIr2,99.508,187.046,HfMgIr2
mp-865038,HfTaTc2,99.455,222.224,HfTaTc2
mp-867779,Ta2CrFe,99.304,231.932,Ta2CrFe
mp-984721,BeGaCo2,99.193,189.356,BeGaCo2
mp-865876,Ti2TcOs,99.119,225.088,Ti2TcOs
mp-5407,TiAlCo2,98.873,179.963,TiAlCo2
mp-864983,MnVRu2,98.864,228.444,MnVRu2
mp-866143,TiBeRh2,98.384,203.582,TiBeRh2
mp-864945,MnBe2Rh,98.352,171.181,MnBe2Rh
mp-867125,Al2RuPt,97.729,201.068,Al2RuPt
mp-862694,Al2IrRh,97.627,211.649,Al2IrRh
mp-31081,Sc(MnAl2)4,97.394,153.967,Sc(MnAl2)4
mp-865569,Ti2MnIr,97.188,212.034,Ti2MnIr
mp-1012640,CrFeCoNi,97.13,191.177,CrFeCoNi
mp-861641,Ti2CoRe,96.956,190.189,Ti2CoRe
mp-10895,Mn2AlV,96.779,185.386,Mn2AlV
mp-864788,NbInRu2,96.619,210.794,NbInRu2
mp-865147,Be2CuRu,96.573,182.617,Be2CuRu
mp-10883,AlCrCo2,96.223,199.303,AlCrCo2
mp-865186,MgGaIr2,96.083,187.256,MgGaIr2
mp-865179,Hf2FeOs,95.692,201.248,Hf2FeOs
mp-865649,Ti2TcRh,95.495,203.459,Ti2TcRh
mp-865495,V2CrTc,95.291,238.066,V2CrTc
mp-865914,TiVTc2,95.113,226.153,TiVTc2
mp-978261,MnBe2Co,95.017,172.297,MnBe2Co
mp-866299,ErTaOs2,95.013,212.608,ErTaOs2
mp-864670,Ta2VOs,94.95,245.861,Ta2VOs
mp-867916,ScGaIr2,94.927,192.627,ScGaIr2
mp-865655,TiNbTc2,94.868,223.438,TiNbTc2
mp-10894,MnAlRh2,94.704,185.161,MnAlRh2
mp-867123,TaTiOs2,94.516,267.946,TaTiOs2
mp-865650,Ti2TcRu,94.372,208.121,Ti2TcRu
mp-5149,NbAlCo2,94.077,195.157,NbAlCo2
mp-862602,ScAlCo2,94.037,146.391,ScAlCo2
mp-972275,Ti2ReRu,93.59,219.69,Ti2ReRu
mp-864955,Mn2CrCo,93.542,153.099,Mn2CrCo
mp-865001,HfScOs2,93.516,197.703,HfScOs2
mp-867319,Al2CoIr,93.491,199.848,Al2CoIr
mp-864953,MnV2Cr,93.042,231.986,MnV2Cr
mp-983358,HfAlFe2,92.953,172.287,HfAlFe2
mp-864651,Ta2NbRu,92.928,221.392,Ta2NbRu
mp-16495,AlCrFe2,92.876,223.142,AlCrFe2
mp-977356,ZnGaIr2,92.854,216.901,ZnGaIr2
mp-867146,ScNbRu2,92.83,196.752,ScNbRu2
mp-867292,Ga2RuRh,92.754,199.112,Ga2RuRh
mp-977541,Hf2TcOs,92.747,206.099,Hf2TcOs
mp-866033,AlZnRh2,92.448,184.832,AlZnRh2
mp-977407,Hf2ReRh,92.43,197.44,Hf2ReRh
mp-972337,Ti2IrW,92.111,216.082,Ti2IrW
mp-13463,FeNiPt2,92.083,211.801,FeNiPt2
mp-866155,TiAlRu2,91.984,209.627,TiAlRu2
mp-862911,Ti2CoTc,91.654,187.175,Ti2CoTc
mp-867327,Hf2TcRu,91.598,193.02,Hf2TcRu
mp-864903,MgTaRu2,91.46,198.121,MgTaRu2
mp-862291,BeGaRh2,91.436,200.601,BeGaRh2
mp-977550,ZrScOs2,91.242,188.108,ZrScOs2
mp-977549,Zr2OsRu,91.155,196.255,Zr2OsRu
mp-977354,HoTaOs2,91.004,210.79,HoTaOs2
mp-865969,LuReTc2,90.915,218.979,LuReTc2
mp-865094,HfNbTc2,90.767,218.707,HfNbTc2
mp-867874,BeVRu2,90.582,241.663,BeVRu2
mp-30555,TaGaCo2,90.532,195.874,TaGaCo2
mp-16496,Al(CuRe)2,90.488,210.864,Al(CuRe)2
mp-865241,TmNbOs2,90.483,205.913,TmNbOs2
mp-865000,HfScIr2,90.315,182.895,HfScIr2
mp-5221,HfAlCo2,89.886,172.038,HfAlCo2
mp-864992,MnNbRu2,89.826,218.17,MnNbRu2
mp-865898,TiZnCo2,89.75,180.042,TiZnCo2
mp-865235,Ti6Al16Ni7,89.296,128.39,Ti6Al16Ni7
mp-862725,ScTc2W,89.291,219.455,ScTc2W
mp-22731,MnInNi2,89.09,235.971,MnInNi2
mp-867330,Al2FeNi,89.022,163.496,Al2FeNi
mp-636599,FeSnRu2,88.857,200.71,FeSnRu2
mp-865138,Hf2MnIr,88.412,192.899,Hf2MnIr
mp-30551,GaFeCo2,88.288,190.304,GaFeCo2
mp-1025165,Zr(VGa2)2,88.202,131.585,Zr(VGa2)2
mp-865779,Ga2CoRu,88.172,188.326,Ga2CoRu
mp-22790,VGaCo2,88.046,199.274,VGaCo2
mp-865768,Ti2MnOs,88.015,210.074,Ti2MnOs
mp-867840,BeFeRh2,87.815,206.038,BeFeRh2
mp-865803,Ti2MoPt,87.695,194.966,Ti2MoPt
mp-867915,ScGaCo2,87.694,149.332,ScGaCo2
mp-20145,TiGaCo2,87.666,182.718,TiGaCo2
mp-864916,Hf2TcRh,87.375,187.509,Hf2TcRh
mp-865448,TiGaRu2,87.343,212.674,TiGaRu2
mp-866125,LuTaRu2,87.342,190.885,LuTaRu2
mp-864877,Hf2CoRe,87.341,177.868,Hf2CoRe
mp-866026,ErNbOs2,87.3,202.723,ErNbOs2
mp-867137,ScVRu2,87.109,194.203,ScVRu2
mp-865209,TmHfOs2,86.548,182.794,TmHfOs2
mp-864798,HfZnIr2,86.11,211.726,HfZnIr2
mp-864949,MnGaRh2,86.0,188.351,MnGaRh2
mp-21171,MnGaCo2,85.891,186.181,MnGaCo2
mp-866142,TiGaIr2,85.752,227.636,TiGaIr2
mp-977563,LiNbIr2,85.649,209.556,LiNbIr2
mp-865155,MgAlRh2,85.611,155.745,MgAlRh2
mp-3701,Sc(Al2Fe)4,85.544,128.938,Sc(Al2Fe)4
mp-31187,TiAlFe2,85.502,184.183,TiAlFe2
mp-1025167,Hf(VGa2)2,85.459,133.265,Hf(VGa2)2
mp-30183,ZrAl5Ni2,85.414,119.733,ZrAl5Ni2
mp-865234,TaZnRu2,85.139,226.089,TaZnRu2
mp-1025457,HfAl5Ni2,84.924,126.648,HfAl5Ni2
mp-866088,Hf2CoTc,84.695,177.082,Hf2CoTc
mp-4656,Y(Al2Fe)4,84.62,123.771,Y(Al2Fe)4
mp-972238,Ti2VIr,84.534,179.691,Ti2VIr
mp-866109,HoNbOs2,84.188,200.406,HoNbOs2
mp-1025358,Er(Al2Mo)2,84.07,134.393,Er(Al2Mo)2
mp-865807,Ti2MoIr,83.939,208.29,Ti2MoIr
mp-972241,Ti2ReTc,83.786,217.331,Ti2ReTc
mp-867775,Al2NiRu,83.722,180.486,Al2NiRu
mp-12550,AlCuPt2,83.607,194.163,AlCuPt2
mp-867821,TaTiMn2,83.607,207.781,TaTiMn2
mp-863690,Ti2MnCo,83.539,185.408,Ti2MnCo
mp-864921,MgZrIr2,83.49,178.265,MgZrIr2
mp-977362,ZnGaRh2,83.13,177.634,ZnGaRh2
mp-865531,TiMn2Al,83.1,159.093,TiMn2Al
mp-864764,Ta2FeOs,83.08,247.114,Ta2FeOs
mp-861961,TiZnRh2,83.01,190.201,TiZnRh2
mp-1008530,AlVFeCo,82.704,204.053,AlVFeCo
mp-867922,ScAlRh2,82.681,163.077,ScAlRh2
mp-977382,Ta2VRu,82.513,227.823,Ta2VRu
mp-4364,NbGaCo2,82.303,193.763,NbGaCo2
mp-861666,LiRu2W,82.095,221.989,LiRu2W
mp-982870,HfAlIr2,81.996,214.618,HfAlIr2
mp-20840,MnCo2Sn,81.836,166.928,MnCo2Sn
mp-977430,MgNbRu2,81.355,188.842,MgNbRu2
mp-865805,TaZnCo2,81.324,201.21,TaZnCo2
mp-21235,Mn2VGa,81.286,187.236,Mn2VGa
mp-20730,HfCo2Sn,81.16,161.751,HfCo2Sn
mp-631343,LaRe2W,81.15,194.937,LaRe2W
mp-864909,HfAlRu2,81.051,195.913,HfAlRu2
mp-865262,TmTaRu2,80.951,188.12,TmTaRu2
mp-865125,MgGaRh2,80.766,155.284,MgGaRh2
mp-1025365,Sc(VGa2)2,80.656,118.477,Sc(VGa2)2
mp-867829,LiVRh2,80.647,179.191,LiVRh2
mp-862715,Al2PdRu,80.631,180.532,Al2PdRu
mp-4410,Yb(Al2Mo)2,80.572,121.247,Yb(Al2Mo)2
mp-862723,ScTc2Mo,80.503,207.886,ScTc2Mo
mp-865030,HfScRu2,80.426,172.957,HfScRu2
mp-979751,TaTiFe2,80.366,211.21,TaTiFe2
mp-867748,ScSnRu2,80.239,169.616,ScSnRu2
mp-864971,MnSnRu2,80.201,176.935,MnSnRu2
mp-865728,Ti2ReNi,80.092,194.083,Ti2ReNi
mp-864684,Hf2MoIr,80.044,189.709,Hf2MoIr
mp-866218,Ti2MnRh,80.041,191.897,Ti2MnRh
mp-864761,Ta2MnOs,79.922,249.914,Ta2MnOs
mp-862316,LiBePt2,79.648,165.822,LiBePt2
mp-973443,Hf2ReTc,79.557,199.747,Hf2ReTc
mp-867187,ScInIr2,79.491,175.784,ScInIr2
mp-865044,MgInIr2,79.164,165.085,MgInIr2
mp-3909,ZrAlCo2,79.114,162.789,ZrAlCo2
mp-865486,VZnRu2,79.087,225.829,VZnRu2
mp-973826,LiHoSn2,79.056,46.456,LiHoSn2
mp-865255,LuNbRu2,79.038,182.535,LuNbRu2
mp-865471,VGaTc2,78.962,229.778,VGaTc2
mp-861656,Ti2CrIr,78.863,194.37,Ti2CrIr
mp-865469,Ti2MnRu,78.85,193.143,Ti2MnRu
mp-865010,HfGaRu2,78.797,197.202,HfGaRu2
mp-864985,MnZnIr2,78.633,226.37,MnZnIr2
mp-30177,Y(Al2Cr)4,78.364,116.53,Y(Al2Cr)4
mp-567981,CrGaCo2,78.329,199.836,CrGaCo2
mp-863679,ErTaRu2,78.278,185.741,ErTaRu2
mp-865250,TmTc2W,78.138,202.895,TmTc2W
mp-669918,VSnRh2,77.938,187.018,VSnRh2
mp-924128,HfNiSn,77.933,127.878,HfNiSn
mp-972957,ScTiRu2,77.929,177.267,ScTiRu2
mp-864840,NbZnRu2,77.859,218.128,NbZnRu2
mp-865032,Mn2PtRh,77.815,174.551,Mn2PtRh
mp-3576,HfGaCo2,77.795,172.836,HfGaCo2
mp-865877,Ti2RePt,77.792,212.512,Ti2RePt
mp-977534,ZrNbTc2,77.459,203.512,ZrNbTc2
mp-865537,TiMnCo2,77.429,168.613,TiMnCo2
mp-21467,TiCo2Sn,77.267,165.425,TiCo2Sn
mp-864930,LiTiIr2,77.224,190.484,LiTiIr2
mp-865591,Ti2NiMo,76.912,170.681,Ti2NiMo
mp-864919,MgTiRh2,76.667,161.554,MgTiRh2
mp-861983,Ti2MnFe,76.543,184.197,Ti2MnFe
mp-11486,Y2(Al3Co)3,76.465,106.898,Y2(Al3Co)3
mp-865780,TiMn2Ga,76.368,160.207,TiMn2Ga
mp-11436,Er(VGa2)2,76.361,115.021,Er(VGa2)2
mp-865678,TiMn2V,76.292,195.509,TiMn2V
mp-865130,Hf2MoRh,75.907,173.159,Hf2MoRh
mp-977436,ZrAlRu2,75.849,188.517,ZrAlRu2
mp-867928,ScGaRh2,75.808,163.021,ScGaRh2
mp-861672,Ti2FeIr,75.782,191.953,Ti2FeIr
mp-22465,Mn2CoSn,75.75,114.714,Mn2CoSn
mp-3791,ScCo2Sn,75.57,137.52,ScCo2Sn
mp-17017,Al12Co4Cu,75.362,122.342,Al12Co4Cu
mp-865523,TiMnRh2,75.228,183.807,TiMnRh2
mp-22503,ZrCo2Sn,75.173,153.951,ZrCo2Sn
mp-865846,LuHfRu2,74.76,163.884,LuHfRu2
mp-866116,HoTaRu2,73.942,183.596,HoTaRu2
mp-867114,TaBeRu2,73.87,234.983,TaBeRu2
mp-865172,YbTaRu2,73.821,171.591,YbTaRu2
mp-865878,Ti2TcNi,73.802,168.312,Ti2TcNi
mp-865248,TmNbRu2,73.733,179.898,TmNbRu2
mp-865215,TmHfRu2,73.726,161.823,TmHfRu2
mp-977572,Hf2MnRh,73.696,175.266,Hf2MnRh
mp-865187,MgFeRh2,73.504,154.144,MgFeRh2
mp-865039,HfTc2Sn,73.235,187.383,HfTc2Sn
mp-5723,ZrAlNi,73.136,130.593,ZrAlNi
mp-924129,ZrNiSn,73.11,115.909,ZrNiSn
mp-867901,ScTaTc2,73.091,194.629,ScTaTc2
mp-865928,Ti2TcPt,72.828,201.234,Ti2TcPt
mp-865538,Ti2RePd,72.804,193.113,Ti2RePd
mp-22315,HfCoSn,72.418,130.285,HfCoSn
mp-861640,Ti2AlRe,72.215,172.0,Ti2AlRe
mp-865434,LuZrRu2,72.197,156.979,LuZrRu2
mp-20338,CeAl3Ni2,72.193,114.955,CeAl3Ni2
mp-972396,Ti2MnRe,71.729,230.659,Ti2MnRe
mp-973890,HoHfRu2,71.534,157.415,HoHfRu2
mp-22260,Y(MnSn)6,71.503,112.507,Y(MnSn)6
mp-974943,HfZrTc2,71.432,182.079,HfZrTc2
mp-3702,FeCuPt2,71.301,197.434,FeCuPt2
mp-861639,Ti2CoIr,71.126,193.269,Ti2CoIr
mp-865379,LuSnRu2,71.105,156.439,LuSnRu2
mp-21469,VCo2Sn,71.09,178.311,VCo2Sn
mp-867842,ScInRh2,70.882,149.145,ScInRh2
mp-867919,ErNbRu2,70.762,177.241,ErNbRu2
mp-1025449,TbInPt2,70.719,116.677,TbInPt2
mp-861908,TaTiRu2,70.548,234.152,TaTiRu2
mp-865869,Be2CuPt,70.542,173.915,Be2CuPt
mp-1018714,HfGaCu,70.481,125.165,HfGaCu
mp-11533,ZrZnNi4,70.469,162.623,ZrZnNi4
mp-1025304,Zr(TiGa2)2,70.165,112.537,Zr(TiGa2)2
mp-865165,HfScCo2,69.939,138.178,HfScCo2
mp-865519,YTaRu2,69.742,179.127,YTaRu2
mp-862318,LiAl2Ni,69.544,103.846,LiAl2Ni
mp-867828,BeNbRu2,69.434,227.135,BeNbRu2
mp-1018066,CrSnRh2,69.419,167.812,CrSnRh2
mp-571619,HfAlPt,69.364,163.496,HfAlPt
mp-864857,NbZnCo2,69.361,192.655,NbZnCo2
mp-865797,LuCo2Sn,69.17,127.341,LuCo2Sn
mp-864896,Zr2CoTc,69.086,93.62,Zr2CoTc
mp-924130,TiNiSn,69.076,123.819,TiNiSn
mp-865364,DyTaRu2,68.958,181.822,DyTaRu2
mp-5063,YAl3Ni2,68.926,110.087,YAl3Ni2
mp-865249,TmSnRu2,68.88,153.366,TmSnRu2
mp-977438,MgInRh2,68.715,136.968,MgInRh2
mp-1018062,FeSnRh2,68.595,177.299,FeSnRh2
mp-865050,HfMgRh2,68.281,154.665,HfMgRh2
mp-1018085,CoSnRh2,68.25,185.482,CoSnRh2
mp-631633,LaCoTc2,68.24,448.872,LaCoTc2
mp-861951,LiTaRh2,67.999,185.431,LiTaRh2
mp-864784,LiSnRh2,67.926,142.707,LiSnRh2
mp-867273,Be2CuIr,67.75,210.143,Be2CuIr
mp-865163,HfBeRh2,67.567,189.784,HfBeRh2
mp-10911,Sc2Al3Ru,67.526,111.883,Sc2Al3Ru
mp-982667,LiAl2Os,67.515,136.0,LiAl2Os
mp-646507,Hf2Ni2Sn,67.477,154.562,Hf2Ni2Sn
mp-865998,HfGaIr2,67.428,212.925,HfGaIr2
mp-30563,ZrCoSn,67.418,140.779,ZrCoSn
mp-7186,NdAl3Ni2,67.155,105.597,NdAl3Ni2
mp-977427,Zn2PtRh,67.06,174.554,Zn2PtRh
mp-864890,Hf2FeIr,67.035,180.435,Hf2FeIr
mp-569661,YbInCu4,66.868,121.133,YbInCu4
mp-6908,YMgZn,66.8,52.989,YMgZn
mp-866112,HoNbRu2,66.781,173.786,HoNbRu2
mp-862297,LiAlRh2,66.739,147.585,LiAlRh2
mp-866285,ErSnRu2,66.736,150.594,ErSnRu2
mp-865857,YbNbRu2,66.692,163.841,YbNbRu2
mp-864968,MnInRh2,66.691,155.882,MnInRh2
mp-865712,Ti2MnNi,66.646,173.551,Ti2MnNi
mp-1025236,Sc(TiGa2)2,66.519,96.87,Sc(TiGa2)2
mp-864839,Zn2PdRh,66.416,156.281,Zn2PdRh
mp-867795,ScNbTc2,66.322,186.133,ScNbTc2
mp-861954,LiTaRu2,66.077,190.046,LiTaRu2
mp-865321,Lu2IrRu,66.037,137.722,Lu2IrRu
mp-866139,TiBe2Ir,65.793,189.33,TiBe2Ir
mp-865931,Ti2TcPd,65.713,182.368,Ti2TcPd
mp-862290,LiFeRh2,65.499,145.894,LiFeRh2
mp-30656,TiGaNi,65.377,127.561,TiGaNi
mp-17856,Al7CoCu2,65.271,112.097,Al7CoCu2
mp-568687,TbGa2Co3,65.247,135.088,TbGa2Co3
mp-866159,YZrRu2,65.206,147.893,YZrRu2
mp-631571,Bi2OsAu,65.202,106.645,Bi2OsAu
mp-570845,Zn(GaNi)3,65.19,130.309,Zn(GaNi)3
mp-12781,ScAl2Ni,65.059,95.155,ScAl2Ni
mp-1025102,CeAl3Pt2,65.017,130.404,CeAl3Pt2
mp-862377,LiBe2Ir,64.707,139.753,LiBe2Ir
mp-867110,Sc2CoOs,64.672,137.844,Sc2CoOs
mp-30181,PrAl3Ni2,64.543,104.057,PrAl3Ni2
mp-30750,CeAl4Ni,64.291,89.025,CeAl4Ni
mp-13504,CeAl4Co,64.222,88.552,CeAl4Co
mp-2960,HfSnRh,64.218,148.752,HfSnRh
mp-866037,GaNiRh2,64.205,173.642,GaNiRh2
mp-973109,NdYIr2,64.194,120.551,NdYIr2
mp-20935,ZrSnIr,64.039,160.406,ZrSnIr
mp-12952,HfGaAu,63.9,131.425,HfGaAu
mp-21211,InFeCo2,63.718,160.068,InFeCo2
mp-31469,Hf5CuSn3,63.711,118.269,Hf5CuSn3
mp-862372,Sc2RuRh,63.627,148.186,Sc2RuRh
mp-11539,SmAl3Pd2,63.557,111.237,SmAl3Pd2
mp-866224,Be2NiPt,63.503,197.731,Be2NiPt
mp-30595,CuSnRh2,63.304,177.039,CuSnRh2
mp-961713,ZrSnPt,63.302,133.908,ZrSnPt
mp-864910,MgZrRh2,63.086,149.687,MgZrRh2
mp-10878,Ca(MnAl2)4,62.995,32.632,Ca(MnAl2)4
mp-1025335,Lu(TiGa2)2,62.927,98.232,Lu(TiGa2)2
mp-979931,YNbRu2,62.863,169.646,YNbRu2
mp-977547,MgZnRh2,62.854,140.599,MgZnRh2
mp-862610,LiHfIr2,62.733,174.685,LiHfIr2
mp-865091,HfMnRh2,62.602,175.043,HfMnRh2
mp-601285,MnGaNi2,62.601,157.893,MnGaNi2
mp-866183,Ti2ZnRe,62.502,168.977,Ti2ZnRe
mp-862361,Sc2NiOs,62.463,145.388,Sc2NiOs
mp-30593,ZnCu2Ni,62.437,143.323,ZnCu2Ni
mp-1025238,Tm(TiGa2)2,62.39,96.793,Tm(TiGa2)2
mp-867850,ScMnRh2,62.195,149.04,ScMnRh2
mp-7187,TiAlNi2,62.108,164.644,TiAlNi2
mp-867156,ScGaRu2,62.044,167.594,ScGaRu2
mp-861637,Ti2AlTc,61.979,159.815,Ti2AlTc
mp-4817,CeAl5Ni2,61.918,96.912,CeAl5Ni2
mp-982666,LiAl2Tc,61.853,115.85,LiAl2Tc
mp-31451,ZrCoBi,61.85,118.226,ZrCoBi
mp-865228,LiScPt2,61.788,116.125,LiScPt2
mp-4785,CeAl3Pd2,61.657,108.295,CeAl3Pd2
mp-22662,TiGaPt,61.559,163.617,TiGaPt
mp-12951,ZrGaAu,61.519,124.475,ZrGaAu
mp-11435,Er(TiGa2)2,61.377,98.06,Er(TiGa2)2
mp-12734,NdAl3Pd2,61.07,109.306,NdAl3Pd2
mp-11029,Y(Al2Cu)4,61.012,104.534,Y(Al2Cu)4
mp-16491,SrAl9Co2,60.932,65.439,SrAl9Co2
mp-10877,Ca(Al2Cu)4,60.736,81.186,Ca(Al2Cu)4
mp-1018060,GaCo2Ni,60.729,177.04,GaCo2Ni
mp-866012,Hf2ZnRe,60.682,160.36,Hf2ZnRe
mp-13240,ScInCu4,60.675,114.133,ScInCu4
mp-21158,CeAlPd,60.666,80.506,CeAlPd
mp-639659,InCuPt2,60.566,168.56,InCuPt2
mp-11401,ScGa2Ni,60.478,101.551,ScGa2Ni
mp-863727,LiTiRh2,60.474,154.975,LiTiRh2
mp-1025172,Ho(TiGa2)2,60.465,96.685,Ho(TiGa2)2
mp-865174,HfCdRh2,60.425,169.501,HfCdRh2
mp-867769,ScZnRh2,60.401,151.149,ScZnRh2
mp-865609,LuGaRh2,60.379,149.694,LuGaRh2
mp-1018723,HoCo3Cu2,60.344,135.084,HoCo3Cu2
mp-862712,Sc2CoIr,60.261,137.361,Sc2CoIr
mp-866069,MgScRh2,60.221,127.869,MgScRh2
mp-16735,CrInCo2,60.198,169.302,CrInCo2
mp-11445,Y(TiGa2)2,60.055,94.316,Y(TiGa2)2
mp-20146,Zr2Ni2Sn,59.967,134.49,Zr2Ni2Sn
mp-21301,ScInNi2,59.957,128.198,ScInNi2
mp-31383,Hf6CoBi2,59.853,107.37,Hf6CoBi2
mp-862730,LiGaRh2,59.775,148.873,LiGaRh2
mp-4054,YAl3Ni,59.711,96.501,YAl3Ni
mp-30819,LiAl2Pt,59.706,124.378,LiAl2Pt
mp-1025113,DyInPt4,59.703,165.87,DyInPt4
mp-10897,PrAl2Ni3,59.669,108.679,PrAl2Ni3
mp-977582,ZrZnRh2,59.624,172.759,ZrZnRh2
mp-1025364,Dy(TiGa2)2,59.557,95.067,Dy(TiGa2)2
mp-864654,Zn2NiRh,59.551,161.838,Zn2NiRh
mp-867881,ScTlRh2,59.512,143.099,ScTlRh2
mp-977367,CdInRh2,59.398,144.382,CdInRh2
mp-16517,TmAl2Ni,59.378,100.232,TmAl2Ni
mp-1018694,ErZnGa,59.377,75.872,ErZnGa
mp-867761,Sc2CoRu,59.335,135.073,Sc2CoRu
mp-19906,Zr2InNi2,59.224,128.163,Zr2InNi2
mp-862684,LiHf2Os,59.172,145.945,LiHf2Os
mp-3602,YAl4Ni,59.11,92.48,YAl4Ni
mp-865990,Y3Al7Cu2,58.97,86.943,Y3Al7Cu2
mp-982739,TmHfCo2,58.693,111.695,TmHfCo2
mp-864940,Mg2PtRh,58.45,120.332,Mg2PtRh
mp-867214,Er2IrRu,58.373,130.801,Er2IrRu
mp-11869,HfSnPd,58.332,123.996,HfSnPd
mp-4771,TiAlCu2,58.316,134.483,TiAlCu2
mp-30178,Mg2Al5Cu6,58.206,101.138,Mg2Al5Cu6
mp-3676,MgCu4Sn,58.121,97.854,MgCu4Sn
mp-864969,Mg2PdRh,58.013,106.207,Mg2PdRh
mp-976598,LiHf2Ir,57.973,142.948,LiHf2Ir
mp-631320,TcIrOs,57.963,264.415,TcIrOs
mp-13094,YAl2Ni,57.961,93.804,YAl2Ni
mp-3433,YMgNi4,57.883,90.883,YMgNi4
mp-1025022,HoInPt4,57.77,163.795,HoInPt4
mp-30493,ZnCdPt2,57.642,154.491,ZnCdPt2
mp-10898,ScAlNi2,57.619,129.687,ScAlNi2
mp-1024984,TbInPt4,57.587,161.456,TbInPt4
mp-1025552,LuGa2Ni,57.495,103.459,LuGa2Ni
mp-31182,ErAl2Ni,57.442,93.639,ErAl2Ni
mp-11073,Ti3In3Rh2,57.386,123.289,Ti3In3Rh2
mp-11808,ScNi4Sn,57.323,140.435,ScNi4Sn
mp-640024,HfInNi2,57.313,145.405,HfInNi2
mp-866288,BeVCo2,57.185,44.835,BeVCo2
mp-16503,HoAl2Ni,57.089,97.439,HoAl2Ni
mp-864974,Hf2CuOs,56.988,175.345,Hf2CuOs
mp-862312,LiBePd2,56.945,124.471,LiBePd2
mp-865566,LuZnRh2,56.941,138.683,LuZnRh2
mp-1025136,EuAl3Cu2,56.864,79.76,EuAl3Cu2
mp-864661,ZnCuPd2,56.792,150.032,ZnCuPd2
mp-1018080,CrCo2Bi,56.721,137.255,CrCo2Bi
mp-971738,ZnCuNi2,56.716,155.672,ZnCuNi2
mp-10887,HfAlCu2,56.709,134.159,HfAlCu2
mp-977463,MgMnRh2,56.653,136.68,MgMnRh2
mp-30847,TiSnPt,56.643,136.97,TiSnPt
mp-11350,CaAl9Co2,56.558,87.08,CaAl9Co2
mp-30815,LaAl3Pd2,56.516,102.67,LaAl3Pd2
mp-999052,Ti2MnAl,56.463,108.188,Ti2MnAl
mp-865325,Lu2CoRu,56.419,118.848,Lu2CoRu
mp-864631,LiNbRh2,56.338,175.191,LiNbRh2
mp-971836,Zn2NiIr,56.286,176.569,Zn2NiIr
mp-30817,LiAl2Pd,56.274,104.819,LiAl2Pd
mp-1025504,TmGa2Ni,56.193,100.012,TmGa2Ni
mp-864902,MgTlRh2,56.136,131.037,MgTlRh2
mp-861958,Ti2MnBe,55.985,153.777,Ti2MnBe
mp-569385,DyAl2Ni,55.971,92.155,DyAl2Ni
mp-865195,TmGaRh2,55.923,147.294,TmGaRh2
mp-971739,ZnCuPt2,55.834,183.726,ZnCuPt2
mp-865093,TiZnNi2,55.791,160.513,TiZnNi2
mp-639910,Y(Sn3Ru2)2,55.679,117.643,Y(Sn3Ru2)2
mp-865757,YbGaRh2,55.665,130.602,YbGaRh2
mp-961687,ZrSnPd,55.653,118.393,ZrSnPd
mp-1024957,TmInCu4,55.5,109.749,TmInCu4
mp-16516,TbAl2Ni,55.21,90.658,TbAl2Ni
mp-19983,TiCuSn,55.201,103.401,TiCuSn
mp-30821,LiAl2Rh,55.198,119.342,LiAl2Rh
mp-865131,Hf2OsRh,55.152,201.65,Hf2OsRh
mp-864987,MnZnRh2,55.119,168.969,MnZnRh2
mp-867148,LiHfRh2,55.025,145.866,LiHfRh2
mp-10899,AlVNi2,55.002,167.301,AlVNi2
mp-13203,ScCuSn,54.852,89.047,ScCuSn
mp-1018712,HfGa4Co,54.445,94.047,HfGa4Co
mp-13200,LuCuSn,54.432,78.999,LuCuSn
mp-1025288,TbGa5Co,54.393,92.096,TbGa5Co
mp-1025241,ScGa5Fe,54.39,90.193,ScGa5Fe
mp-18198,ScSnPt,54.332,116.177,ScSnPt
mp-16481,TiAlAu,54.244,130.385,TiAlAu
mp-961712,TaTlPt,54.063,153.2,TaTlPt
mp-865925,LiZrIr2,53.838,164.912,LiZrIr2
mp-22150,Zr2InCo2,53.822,152.951,Zr2InCo2
mp-867802,Sc2CuOs,53.734,127.176,Sc2CuOs
mp-19988,SmGa5Co,53.705,90.833,SmGa5Co
mp-865796,LuCdRh2,53.675,128.593,LuCdRh2
mp-30459,ScNiBi,53.578,87.697,ScNiBi
mp-4856,HoGa5Co,53.558,86.145,HoGa5Co
mp-5921,TaAlNi2,53.507,192.409,TaAlNi2
mp-865219,Dy2IrRu,53.425,125.9,Dy2IrRu
mp-867272,LiAlCu2,53.421,87.133,LiAlCu2
mp-569848,LuInPt,53.401,118.324,LuInPt
mp-980206,TmScRu2,53.361,132.156,TmScRu2
mp-12006,CeCdNi4,53.332,121.691,CeCdNi4
mp-1024954,HoCuSn,53.287,79.602,HoCuSn
mp-3494,CeGa3Pd2,53.223,101.993,CeGa3Pd2
mp-1025375,YGa5Co,53.183,85.957,YGa5Co
mp-20744,ZrInNi2,53.067,140.627,ZrInNi2
mp-862423,Sc2TcPd,53.036,123.752,Sc2TcPd
mp-999054,Ti2GaCo,52.933,138.266,Ti2GaCo
mp-1025225,ErGa5Co,52.911,86.188,ErGa5Co
mp-977578,Zr2TcPd,52.852,159.375,Zr2TcPd
mp-865206,TmCdRh2,52.847,127.101,TmCdRh2
mp-865299,TmZnRh2,52.839,135.447,TmZnRh2
mp-865230,TmMgRh2,52.742,116.23,TmMgRh2
mp-863711,ErGaRh2,52.644,145.122,ErGaRh2
mp-11512,LiAl2Ir,52.607,135.916,LiAl2Ir
mp-861909,CdGaRh2,52.518,160.28,CdGaRh2
mp-672259,AlFe2Mo,52.491,230.256,AlFe2Mo
mp-600125,HfInCu2,52.466,120.211,HfInCu2
mp-12008,ErCdCu4,52.422,101.387,ErCdCu4
mp-607475,Zr4In5Co2,52.398,84.627,Zr4In5Co2
mp-865930,TiZnCu2,52.34,130.031,TiZnCu2
mp-13202,YCuSn,52.304,77.995,YCuSn
mp-977537,ZrCdRh2,52.302,161.156,ZrCdRh2
mp-972217,Ti2CuTc,52.288,167.17,Ti2CuTc
mp-541047,ZrAlPd2,52.246,148.827,ZrAlPd2
mp-865308,Be2CuRh,52.236,171.518,Be2CuRh
mp-16497,ScAlCu2,52.175,106.697,ScAlCu2
mp-4922,MnAlNi2,52.165,158.539,MnAlNi2
mp-22167,Zr6Ga2Co,52.158,109.449,Zr6Ga2Co
mp-861663,LiRh2Pb,52.058,125.906,LiRh2Pb
mp-1025193,HfGa5Co,52.044,103.655,HfGa5Co
mp-1025257,TmGa5Co,52.0,97.33,TmGa5Co
mp-866188,TlCdRh2,51.879,137.541,TlCdRh2
mp-972877,Sc2AlIr,51.8,117.54,Sc2AlIr
mp-568269,TmNiBi,51.78,83.509,TmNiBi
mp-11444,YGa2Ni,51.773,91.18,YGa2Ni
mp-12760,Zr6Al2Co,51.741,105.44,Zr6Al2Co
mp-30774,MgNi2Sn,51.674,116.057,MgNi2Sn
mp-863739,ErCdRh2,51.651,125.414,ErCdRh2
mp-976265,Hf2OsPd,51.58,187.278,Hf2OsPd
mp-1018743,LaNi3Rh2,51.436,109.911,LaNi3Rh2
mp-13092,Zr6Al2Ni,51.435,111.94,Zr6Al2Ni
mp-21007,SmSnPt,51.35,103.847,SmSnPt
mp-623134,ZrInCu2,51.305,115.986,ZrInCu2
mp-12007,HoCdCu4,51.211,104.872,HoCdCu4
mp-570713,TiAlPt,51.204,161.564,TiAlPt
mp-974063,HoScRu2,51.077,130.162,HoScRu2
mp-684031,Mg3(TiAl9)2,51.059,79.394,Mg3(TiAl9)2
mp-867909,ScCdRh2,50.956,139.152,ScCdRh2
mp-1025242,ScGa5Co,50.935,93.026,ScGa5Co
mp-867258,LiZnPd2,50.885,109.393,LiZnPd2
mp-11293,ZrCdCu2,50.865,113.193,ZrCdCu2
mp-1025229,TiGa5Co,50.857,108.798,TiGa5Co
mp-4536,ScNi2Sn,50.791,126.056,ScNi2Sn
mp-17092,ScSnPd,50.612,103.247,ScSnPd
mp-3286,Ce(AlZn)2,50.611,72.027,Ce(AlZn)2
mp-22463,TiInNi2,50.534,153.635,TiInNi2
mp-20627,YbGa5Co,50.449,66.775,YbGa5Co
mp-11400,ScGaNi2,50.343,128.473,ScGaNi2
mp-864744,HoMgRh2,50.305,113.756,HoMgRh2
mp-30457,LuNiBi,50.28,82.386,LuNiBi
mp-30452,DyNiBi,50.161,79.997,DyNiBi
mp-1018139,HoNiBi,50.118,81.591,HoNiBi
mp-861658,LiMnPt2,50.068,134.07,LiMnPt2
mp-22229,TbInCu4,50.032,103.672,TbInCu4
mp-1025155,LuGa5Co,50.001,87.39,LuGa5Co
mp-11194,NdMgNi4,50.0,122.846,NdMgNi4
mp-865696,HoGaRh2,49.846,143.634,HoGaRh2
mp-862360,Sc2NiIr,49.792,137.387,Sc2NiIr
mp-999096,Ti2AlCr,49.611,104.525,Ti2AlCr
mp-974973,HfZrZn2,49.601,109.761,HfZrZn2
mp-20237,CoNiSn,49.515,160.052,CoNiSn
mp-862486,Sc2AlOs,49.483,123.137,Sc2AlOs
mp-978995,TmMnRh2,49.453,135.403,TmMnRh2
mp-11392,TmGa2Pd,49.426,100.437,TmGa2Pd
mp-4813,NbAlNi2,49.39,181.822,NbAlNi2
mp-30460,YNiBi,49.382,80.316,YNiBi
mp-864939,Hf2CuIr,49.295,160.206,Hf2CuIr
mp-862378,Sc2TcAu,49.234,124.283,Sc2TcAu
mp-3736,ZrAlCu2,49.2,127.356,ZrAlCu2
mp-20202,MgSn4Ru,49.19,73.432,MgSn4Ru
mp-862376,Sc2CuTc,48.992,107.482,Sc2CuTc
mp-21201,LaGa3Pd2,48.952,100.405,LaGa3Pd2
mp-16494,AlCrCu2,48.944,119.908,AlCrCu2
mp-30657,TiGaNi2,48.916,166.368,TiGaNi2
mp-864897,Zr2CuOs,48.901,162.384,Zr2CuOs
mp-961693,ZrInAu,48.87,106.206,ZrInAu
mp-30611,ErSnPt2,48.795,131.951,ErSnPt2
mp-5590,YMgGa,48.769,59.971,YMgGa
mp-864946,MnCuPd2,48.766,143.606,MnCuPd2
mp-982511,HoGa2Pd,48.755,97.878,HoGa2Pd
mp-3034,MgAl2Cu,48.745,76.205,MgAl2Cu
mp-1025134,HoCu4Pd,48.519,115.869,HoCu4Pd
mp-13436,PrMgNi4,48.482,113.482,PrMgNi4
mp-631329,KMoRu2,48.436,142.296,KMoRu2
mp-1095591,Tm3(CuSn)4,48.429,85.104,Tm3(CuSn)4
mp-11974,TmSnRh,48.404,111.197,TmSnRh
mp-570899,YbNi2Sn,48.37,98.691,YbNi2Sn
mp-865743,Ga2IrRh,48.354,198.415,Ga2IrRh
mp-865926,Cd2PdRh,48.221,123.024,Cd2PdRh
mp-4828,HfNi2Sn,48.08,153.406,HfNi2Sn
mp-975640,Pr3(CuSn)4,48.022,79.671,Pr3(CuSn)4
mp-864624,HoZnRh2,47.959,130.834,HoZnRh2
mp-862666,DyGaRh2,47.905,141.67,DyGaRh2
mp-866187,Ti2ZnTc,47.873,158.023,Ti2ZnTc
mp-7247,CeZn3Cu2,47.803,88.31,CeZn3Cu2
mp-961682,TiSnPd,47.761,118.974,TiSnPd
mp-3950,ErInCu,47.675,76.827,ErInCu
mp-866165,YMgRh2,47.658,109.638,YMgRh2
mp-977440,LiTiPt2,47.643,148.971,LiTiPt2
mp-568354,DyGa2Cu3,47.371,99.195,DyGa2Cu3
mp-21067,ScInCu2,47.368,94.727,ScInCu2
mp-1018674,DyAlZn,47.339,70.298,DyAlZn
mp-865870,LiZr2Os,47.3,134.753,LiZr2Os
mp-862553,Sc2BeRu,47.296,112.509,Sc2BeRu
mp-13074,LuNiPb,47.251,86.727,LuNiPb
mp-3574,MnAlCu2,47.176,125.381,MnAlCu2
mp-972899,Sc2GaIr,47.121,118.555,Sc2GaIr
mp-867213,Er2OsPd,47.096,117.96,Er2OsPd
mp-11360,ScGaCu2,47.008,107.905,ScGaCu2
mp-980669,TmLuCo2,47.005,209.285,TmLuCo2
mp-862338,Sc2CuRu,46.784,113.161,Sc2CuRu
mp-21894,LiSn4Ir,46.562,69.115,LiSn4Ir
mp-867794,Sc2CuIr,46.495,129.422,Sc2CuIr
mp-20567,LiGa2Ru,46.408,115.246,LiGa2Ru
mp-867242,Sc2ZnGa,46.4,78.569,Sc2ZnGa
mp-11038,Zr6Al2Fe,46.35,101.192,Zr6Al2Fe
mp-866173,Y2RuRh,46.33,111.433,Y2RuRh
mp-973432,LuScRh2,46.272,130.571,LuScRh2
mp-22725,TiInCu2,46.141,118.564,TiInCu2
mp-865320,Lu2PdRu,46.14,115.779,Lu2PdRu
mp-16751,ErCuPb,46.03,71.734,ErCuPb
mp-20663,TmCuPb,45.973,68.88,TmCuPb
mp-865868,LiZrRh2,45.895,137.351,LiZrRh2
mp-977396,TbMgRh2,45.839,113.246,TbMgRh2
mp-16750,HoCuPb,45.797,69.964,HoCuPb
mp-862340,Sc2GaCu,45.774,85.089,Sc2GaCu
mp-862548,Sc2AlZn,45.758,76.171,Sc2AlZn
mp-21297,LiSn4Ru,45.755,68.495,LiSn4Ru
mp-13172,YMgCu4,45.743,90.416,YMgCu4
mp-3015,HoInCu,45.737,80.4,HoInCu
mp-16753,LuCuPb,45.561,72.224,LuCuPb
mp-862288,AlFe2W,45.537,238.376,AlFe2W
mp-1018685,ErCuSn,45.507,76.553,ErCuSn
mp-862431,Sc2AgOs,45.47,123.096,Sc2AgOs
mp-20290,TbCuPb,45.363,69.232,TbCuPb
mp-865257,DyZnRh2,45.355,129.806,DyZnRh2
mp-867243,Sc2ZnOs,45.33,120.86,Sc2ZnOs
mp-862563,Sc2BeTc,45.33,105.286,Sc2BeTc
mp-11971,HoSnRh,45.248,108.644,HoSnRh
mp-865402,TmAlCu,45.234,85.691,TmAlCu
mp-999053,Ti2GaNi,45.216,121.628,Ti2GaNi
mp-20865,YCuPb,45.214,66.035,YCuPb
mp-19877,ZrNi2Sn,45.056,146.647,ZrNi2Sn
mp-1025045,TiGaPd,44.998,140.178,TiGaPd
mp-866156,YGaRh2,44.976,138.306,YGaRh2
mp-13090,YMgAl,44.769,57.528,YMgAl
mp-865517,YZnRh2,44.737,126.817,YZnRh2
mp-865929,Cd2PtRh,44.683,136.955,Cd2PtRh
mp-16493,YAl2Co,44.624,93.21,YAl2Co
mp-31330,NdInRh,44.34,91.094,NdInRh
mp-864959,Dy2CuOs,44.291,103.481,Dy2CuOs
mp-977421,TbGaRh2,44.279,132.553,TbGaRh2
mp-861875,LiHf2Re,44.212,137.66,LiHf2Re
mp-16483,BaAl9Fe2,44.138,79.367,BaAl9Fe2
mp-867117,Sc2CuPt,44.091,112.788,Sc2CuPt
mp-569834,LiCu2Sn,44.076,75.321,LiCu2Sn
mp-12549,BaAl9Ni2,43.997,85.769,BaAl9Ni2
mp-22617,YNiSn,43.823,88.056,YNiSn
mp-10892,MnAlPt,43.816,102.361,MnAlPt
mp-862543,Sc2AlTc,43.786,109.061,Sc2AlTc
mp-864807,HfZnNi2,43.706,150.532,HfZnNi2
mp-2894,ScSnAu,43.605,88.353,ScSnAu
mp-999076,Ti2InNi,43.517,35.899,Ti2InNi
mp-19782,TbInCu,43.513,76.971,TbInCu
mp-861629,LiMnPd2,43.455,102.805,LiMnPd2
mp-13570,Mg(ScGa)2,43.42,69.339,Mg(ScGa)2
mp-865884,LuInRh2,43.403,138.075,LuInRh2
mp-10891,MnAlPd2,43.389,145.343,MnAlPd2
mp-11157,SmMgGa,43.313,57.196,SmMgGa
mp-1025191,ScGa5Ni,43.307,84.543,ScGa5Ni
mp-20201,NdZnSn,43.259,61.258,NdZnSn
mp-22683,CeCuSn,43.234,32.511,CeCuSn
mp-977580,MgSc2Al,43.212,64.52,MgSc2Al
mp-22685,TbInCu2,43.172,90.141,TbInCu2
mp-866094,HfZnCu2,43.166,129.32,HfZnCu2
mp-978523,Sc2ZnCu,42.953,81.396,Sc2ZnCu
mp-865432,Y2NiIr,42.924,106.626,Y2NiIr
mp-20987,YZnSn,42.778,63.26,YZnSn
mp-4552,ErInCu2,42.728,88.491,ErInCu2
mp-977428,YbAl2Cu,42.706,68.224,YbAl2Cu
mp-863736,Ho2OsAu,42.631,113.765,Ho2OsAu
mp-11366,ZrZnCu2,42.491,121.262,ZrZnCu2
mp-865847,Lu2CuPt,42.41,101.128,Lu2CuPt
mp-13303,ErSnAu,42.379,78.252,ErSnAu
mp-865600,Y2IrPd,42.364,109.327,Y2IrPd
mp-862379,Sc2TcAg,42.33,108.026,Sc2TcAg
mp-567197,YSnAu,42.304,77.288,YSnAu
mp-4972,LuInCu2,42.279,89.584,LuInCu2
mp-867223,LiGa2Ni,42.228,90.52,LiGa2Ni
mp-10876,Ca3Al7Cu2,42.193,70.706,Ca3Al7Cu2
mp-864961,Be2PdPt,42.134,194.226,Be2PdPt
mp-12782,YbAl2Ni,42.116,63.701,YbAl2Ni
mp-999079,Ti2AlCu,42.04,105.546,Ti2AlCu
mp-672340,LiIn2Ru,41.998,95.132,LiIn2Ru
mp-3363,Sc2Ni2Sn,41.918,105.02,Sc2Ni2Sn
mp-21198,DyAgSn,41.882,72.208,DyAgSn
mp-10885,AlCrNi2,41.844,160.697,AlCrNi2
mp-5729,YAgSn,41.828,71.171,YAgSn
mp-864907,MgZrPd2,41.79,121.633,MgZrPd2
mp-30586,HoInCu2,41.739,86.981,HoInCu2
mp-31441,Li2GaIr,41.728,95.635,Li2GaIr
mp-569724,ErAgSn,41.622,73.07,ErAgSn
mp-1071448,CeGaCo,41.614,87.707,CeGaCo
mp-862339,Sc2GaAg,41.463,81.21,Sc2GaAg
mp-31339,ScInPd2,41.443,118.985,ScInPd2
mp-864977,Dy2AgOs,41.391,101.086,Dy2AgOs
mp-16524,ScAlPd2,41.369,129.942,ScAlPd2
mp-972244,Tm2ZnGa,41.351,68.836,Tm2ZnGa
mp-20440,MnNi2Sn,41.266,141.181,MnNi2Sn
mp-864674,Ho2AlZn,41.214,65.575,Ho2AlZn
mp-867859,Sm2IrRu,41.151,114.186,Sm2IrRu
mp-861652,LiLuPt2,41.098,106.05,LiLuPt2
mp-19929,MgInNi2,41.076,106.537,MgInNi2
mp-22275,YSnPt,41.035,108.198,YSnPt
mp-862887,LiSc2Os,40.992,98.86,LiSc2Os
mp-867233,Sc2ZnIr,40.989,119.005,Sc2ZnIr
mp-22056,YIn2Ni,40.977,84.822,YIn2Ni
mp-972961,Sc2NiRh,40.973,118.07,Sc2NiRh
mp-961716,VSnPt,40.965,137.912,VSnPt
mp-867771,TaCuRh2,40.955,224.467,TaCuRh2
mp-5419,LiGa2Ir,40.935,121.949,LiGa2Ir
mp-569523,Y2InNi2,40.912,77.414,Y2InNi2
mp-865560,Y2AlZn,40.862,62.953,Y2AlZn
mp-16648,LiSn4Rh,40.822,63.729,LiSn4Rh
mp-1018689,ErZnIn,40.822,65.841,ErZnIn
mp-861627,Ti2AlMo,40.787,150.337,Ti2AlMo
mp-861953,AlFeRh2,40.729,193.542,AlFeRh2
mp-6917,TmAgSn,40.715,73.521,TmAgSn
mp-30454,ErBiPt,40.701,90.805,ErBiPt
mp-865588,Y2CuRu,40.684,92.142,Y2CuRu
mp-867253,LiZn2Ir,40.679,116.817,LiZn2Ir
mp-30455,HoBiPt,40.665,90.608,HoBiPt
mp-30307,DyBiRh,40.652,96.913,DyBiRh
mp-979044,Tm2CuAu,40.594,86.553,Tm2CuAu
mp-865994,YbScRh2,40.561,108.619,YbScRh2
mp-13302,LuSnAu,40.523,79.222,LuSnAu
mp-865092,MgGaNi2,40.522,116.982,MgGaNi2
mp-21503,YMgIn,40.499,54.137,YMgIn
mp-977399,LiMgPd2,40.498,84.673,LiMgPd2
mp-865211,TmInRh2,40.486,134.846,TmInRh2
mp-631354,ReOsRu,40.401,271.769,ReOsRu
mp-30175,Ca(AlZn)2,40.313,62.198,Ca(AlZn)2
mp-11492,LuNi2Sn,40.276,100.82,LuNi2Sn
mp-973538,Lu2AlZn,40.238,67.89,Lu2AlZn
mp-30453,DyBiPt,40.218,89.435,DyBiPt
mp-31208,LiIn2Ir,40.176,103.987,LiIn2Ir
mp-21054,PrSnPd,40.129,84.625,PrSnPd
mp-976330,LiZr2Ir,40.126,131.667,LiZr2Ir
mp-973636,Lu2ZnGa,40.108,68.94,Lu2ZnGa
mp-865641,Y2NiRu,40.076,104.846,Y2NiRu
mp-865152,MgAlPd2,40.012,124.171,MgAlPd2
mp-865049,HfMgPd2,39.982,128.55,HfMgPd2
mp-865459,Lu2AgRu,39.928,98.781,Lu2AgRu
mp-11155,NdMgGa,39.928,54.881,NdMgGa
mp-865159,Dy2AlZn,39.898,63.933,Dy2AlZn
mp-21175,TaGaNi2,39.868,192.999,TaGaNi2
mp-12505,LuAgSn,39.843,74.223,LuAgSn
mp-19946,YInCu2,39.817,84.23,YInCu2
mp-865156,Dy2ZnGa,39.796,65.862,Dy2ZnGa
mp-11984,YMgTl,39.795,53.855,YMgTl
mp-862546,Sc2AlRu,39.474,110.743,Sc2AlRu
mp-865338,Tm2ZnPt,39.448,93.112,Tm2ZnPt
mp-3504,NbNi2Sn,39.414,156.967,NbNi2Sn
mp-4990,MnSnRh2,39.345,169.635,MnSnRh2
mp-570769,CaInCu4,39.309,83.946,CaInCu4
mp-2909,HoAlNi,39.228,87.429,HoAlNi
mp-30820,Li2AlRh,39.204,80.792,Li2AlRh
mp-510441,YInPt2,39.147,121.073,YInPt2
mp-980004,SmGa2Co,39.1,93.932,SmGa2Co
mp-976259,LiTmRh2,38.993,103.934,LiTmRh2
mp-11957,CaSn2Ir,38.941,75.338,CaSn2Ir
mp-865282,Tm2AgRu,38.929,96.69,Tm2AgRu
mp-13095,YAlNi,38.915,92.941,YAlNi
mp-11351,CeAlNi,38.825,87.249,CeAlNi
mp-865759,YbHfRh2,38.75,134.565,YbHfRh2
mp-865237,Tm2ZnIr,38.748,100.748,Tm2ZnIr
mp-11431,CaGa3Ni2,38.686,90.845,CaGa3Ni2
mp-861935,CaSnRh2,38.677,116.199,CaSnRh2
mp-978976,Ti6Al16Pt7,38.65,131.544,Ti6Al16Pt7
mp-31136,Lu2NiSn6,38.649,65.165,Lu2NiSn6
mp-861616,LiSc2Ir,38.644,99.243,LiSc2Ir
mp-865663,YbLuRh2,38.627,100.492,YbLuRh2
mp-865406,Lu2ZnAu,38.614,80.916,Lu2ZnAu
mp-569151,MnGaPt,38.589,103.094,MnGaPt
mp-30658,VGaNi2,38.51,167.969,VGaNi2
mp-11361,MgCuSn,38.37,78.29,MgCuSn
mp-972884,Sc2AlCu,38.357,81.231,Sc2AlCu
mp-865356,Tm2MgAl,38.344,58.554,Tm2MgAl
mp-5186,ScNiSn,38.313,93.391,ScNiSn
mp-867978,SmInRh2,38.283,121.874,SmInRh2
mp-21290,HoInPt,38.221,103.02,HoInPt
mp-976600,LiHf2Tc,38.137,127.886,LiHf2Tc
mp-865594,Y2CuIr,37.98,99.876,Y2CuIr
mp-862473,Sc2AgRu,37.977,111.847,Sc2AgRu
mp-19740,YInPt,37.842,100.795,YInPt
mp-7239,PrMgGa,37.828,53.714,PrMgGa
mp-961665,MgScGa,37.789,54.545,MgScGa
mp-862432,Sc2AgIr,37.764,120.565,Sc2AgIr
mp-862993,ErMgSn,37.695,58.946,ErMgSn
mp-866163,YInRh2,37.6,127.682,YInRh2
mp-865284,Tm2CdOs,37.595,101.396,Tm2CdOs
mp-862657,LiCuPd2,37.593,144.978,LiCuPd2
mp-865872,LiZr2Re,37.587,126.874,LiZr2Re
mp-31452,ZrNiBi,37.576,99.372,ZrNiBi
mp-976596,LiLu2Ga,37.55,56.068,LiLu2Ga
mp-5748,HfAlNi2,37.535,160.645,HfAlNi2
mp-865444,LiSc2Pt,37.52,89.908,LiSc2Pt
mp-867313,LiTmPt2,37.47,103.456,LiTmPt2
mp-865912,LiZn2Rh,37.415,102.513,LiZn2Rh
mp-867348,DyMgSn,37.406,57.967,DyMgSn
mp-30818,Li2AlPt,37.313,84.603,Li2AlPt
mp-11806,LiMgSnPt,37.269,86.934,LiMgSnPt
mp-973141,ScCdCu2,37.258,90.97,ScCdCu2
mp-31160,CaZnSn,37.248,46.54,CaZnSn
mp-3539,NbGaNi2,37.235,186.563,NbGaNi2
mp-866166,Y2PdRu,37.213,102.15,Y2PdRu
mp-972925,ScZn2Au,37.129,98.751,ScZn2Au
mp-972914,Sc2AlCd,37.11,72.984,Sc2AlCd
mp-13396,LiIn2Rh,37.101,90.326,LiIn2Rh
mp-865216,Dy2PdRu,37.091,104.247,Dy2PdRu
mp-979910,VCuRh2,37.09,218.716,VCuRh2
mp-971922,DyYAl2,36.907,65.046,DyYAl2
mp-972869,Sc2GaPt,36.88,107.133,Sc2GaPt
mp-3740,TiNi2Sn,36.868,159.419,TiNi2Sn
mp-864772,LiSc2Au,36.814,74.156,LiSc2Au
mp-979715,YHoAl2,36.683,65.616,YHoAl2
mp-631411,CaTa2Tl,36.635,97.416,CaTa2Tl
mp-972966,Sc2OsAu,36.621,135.881,Sc2OsAu
mp-861946,Er2MgAl,36.576,57.65,Er2MgAl
mp-631335,MgTaZn,36.564,88.355,MgTaZn
mp-21479,LaIn5Rh,36.531,64.429,LaIn5Rh
mp-972984,HoErAl2,36.47,67.462,HoErAl2
mp-865515,YMgZn2,36.417,59.874,YMgZn2
mp-861901,LiGaCu2,36.374,86.815,LiGaCu2
mp-865602,Y2MgAl,36.348,54.789,Y2MgAl
mp-1078497,YbGa2Ni,36.326,69.78,YbGa2Ni
mp-12716,LiTlPd2,36.325,94.163,LiTlPd2
mp-865992,YbSnRh2,36.271,126.934,YbSnRh2
mp-862717,LiAlAu2,36.27,97.735,LiAlAu2
mp-13525,HoInIr,36.26,111.539,HoInIr
mp-30737,YMgAg,36.231,54.978,YMgAg
mp-22276,Mn2InCo,36.221,135.295,Mn2InCo
mp-864920,MgZrAu2,36.177,114.52,MgZrAu2
mp-984544,Dy2ZnIr,36.14,95.673,Dy2ZnIr
mp-972415,YErAl2,36.138,65.872,YErAl2
mp-862775,LiInRh2,36.12,125.117,LiInRh2
mp-867277,Ho2MgAl,36.114,55.443,Ho2MgAl
mp-976793,LiEr2Ga,36.081,54.254,LiEr2Ga
mp-867756,Sc2CuAu,36.068,97.087,Sc2CuAu
mp-22779,YbSnPt,36.015,84.825,YbSnPt
mp-11430,Ca3Al7Ag2,35.969,62.159,Ca3Al7Ag2
mp-973442,Lu2AgPt,35.918,99.763,Lu2AgPt
mp-979965,YbSmPt2,35.89,93.151,YbSmPt2
mp-2988,Li2GaRh,35.873,81.563,Li2GaRh
mp-978515,SmYAl2,35.85,61.458,SmYAl2
mp-972945,HoErAg2,35.826,69.968,HoErAg2
mp-29733,MgNiBi,35.796,69.981,MgNiBi
mp-865561,Y2AgRu,35.774,90.313,Y2AgRu
mp-865659,Y2ZnIr,35.758,93.884,Y2ZnIr
mp-867252,LiZn2Ni,35.747,41.35,LiZn2Ni
mp-973270,Ho2RuAu,35.688,104.31,Ho2RuAu
mp-867873,LiTm2Al,35.568,53.804,LiTm2Al
mp-976260,LiTm2Au,35.495,64.88,LiTm2Au
mp-973058,LiLu2Al,35.495,54.59,LiLu2Al
mp-865006,Dy2MgAl,35.437,55.262,Dy2MgAl
mp-672299,YInNi,35.401,85.206,YInNi
mp-983908,Er2ZnAu,35.198,77.836,Er2ZnAu
mp-30661,ScGaPd2,35.179,127.531,ScGaPd2
mp-972898,Sc2GaAu,35.177,90.144,Sc2GaAu
mp-867109,ScZn2Ag,35.169,84.013,ScZn2Ag
mp-980662,YTmAl2,35.136,66.272,YTmAl2
mp-979431,YLuZn2,35.072,62.844,YLuZn2
mp-864734,HfInPd2,35.064,141.693,HfInPd2
mp-972420,YErAg2,35.034,68.674,YErAg2
mp-865281,Tm2AgPt,34.96,96.269,Tm2AgPt
mp-977416,Er2AgIr,34.938,103.391,Er2AgIr
mp-864607,ZrCdPd2,34.849,132.25,ZrCdPd2
mp-11285,Ca3(GaNi)4,34.84,59.548,Ca3(GaNi)4
mp-973979,LiFePd2,34.793,119.616,LiFePd2
mp-20363,LiGa2Pt,34.754,103.688,LiGa2Pt
mp-982974,LiBeAu2,34.74,105.456,LiBeAu2
mp-972907,Sc2AlAg,34.736,78.735,Sc2AlAg
mp-984104,Dy2IrAu,34.691,108.554,Dy2IrAu
mp-867145,LiHo2Ga,34.678,54.046,LiHo2Ga
mp-13118,CeZn3Pd2,34.678,99.644,CeZn3Pd2
mp-13536,TbZnNi,34.647,78.188,TbZnNi
mp-865002,CaYRh2,34.602,89.209,CaYRh2
mp-864625,Ho2IrRh,34.581,124.915,Ho2IrRh
mp-979425,YHoAg2,34.495,68.344,YHoAg2
mp-4897,ScSnPd2,34.491,123.983,ScSnPd2
mp-604516,Y2AlNi2,34.404,68.417,Y2AlNi2
mp-864614,LiMg2Pt,34.393,70.501,LiMg2Pt
mp-1025313,TiGa5Ni,34.363,101.134,TiGa5Ni
mp-21509,LaMgGa,34.362,49.819,LaMgGa
mp-862719,LiY2Os,34.286,80.346,LiY2Os
mp-861662,CaZrRh2,34.247,120.366,CaZrRh2
mp-865795,LiSc2Ru,34.245,87.654,LiSc2Ru
mp-999068,Ti2AlV,34.101,117.59,Ti2AlV
mp-864978,Mg2AgAu,33.934,73.054,Mg2AgAu
mp-4913,LiGa2Rh,33.902,103.896,LiGa2Rh
mp-977143,LaDyRu2,33.847,101.916,LaDyRu2
mp-971924,DyYAg2,33.808,67.395,DyYAg2
mp-863652,Ho2CdOs,33.714,97.343,Ho2CdOs
mp-23039,Er6MnBi2,33.704,52.919,Er6MnBi2
mp-865845,Yb2CuIr,33.64,69.855,Yb2CuIr
mp-865587,Y2CuRh,33.634,88.993,Y2CuRh
mp-983583,Er2ZnCu,33.579,68.856,Er2ZnCu
mp-977358,Ho2AgIr,33.565,101.795,Ho2AgIr
mp-865932,Li2CePb,33.556,46.894,Li2CePb
mp-864883,MgSnPd2,33.55,112.134,MgSnPd2
mp-20490,NdNiSn,33.482,82.249,NdNiSn
mp-13254,CeMgZn2,33.459,51.635,CeMgZn2
mp-973841,LiHo2Al,33.455,51.616,LiHo2Al
mp-1024994,HoCu4Au,33.425,110.424,HoCu4Au
mp-12381,PrSnRh,33.42,96.952,PrSnRh
mp-862555,LiY2Al,33.33,50.306,LiY2Al
mp-865603,Y2IrRh,33.326,119.564,Y2IrRh
mp-983555,Er2PdAu,33.306,94.432,Er2PdAu
mp-973142,ScZn2Pd,33.304,104.061,ScZn2Pd
mp-866077,MgSc2Cd,33.262,57.839,MgSc2Cd
mp-1018136,LaBiPt,33.23,78.997,LaBiPt
mp-862895,Er2ZnRu,33.2,92.632,Er2ZnRu
mp-983123,HfMgAu2,33.178,121.119,HfMgAu2
mp-3197,TbAlPd,33.168,93.543,TbAlPd
mp-867285,LiTb2Ir,33.159,81.503,LiTb2Ir
mp-865671,Y2ZnIn,33.082,59.596,Y2ZnIn
mp-7555,LiMgSnPd,33.072,73.754,LiMgSnPd
mp-631383,MnCrRe,33.053,167.245,MnCrRe
mp-977462,ZrCdAu2,33.045,121.203,ZrCdAu2
mp-16745,ErAgPb,32.98,66.619,ErAgPb
mp-973653,Lu2ZnAg,32.871,69.957,Lu2ZnAg
mp-862703,Sc2AgAu,32.821,91.964,Sc2AgAu
mp-865936,LiSc2Tc,32.676,82.734,LiSc2Tc
mp-569871,Tm6CoBi2,32.583,58.177,Tm6CoBi2
mp-865974,TmNi2Sn,32.569,117.1,TmNi2Sn
mp-567214,NdSnRh,32.566,98.469,NdSnRh
mp-11947,LiAlAg2,32.565,71.27,LiAlAg2
mp-867235,LiY2Ir,32.546,80.823,LiY2Ir
mp-11964,Ce2CdPt2,32.529,80.182,Ce2CdPt2
mp-864981,Dy2AgIr,32.495,99.317,Dy2AgIr
mp-865240,Lu2MgIn,32.495,55.4,Lu2MgIn
mp-866160,Y2AgIr,32.475,96.832,Y2AgIr
mp-1025176,HfGa5Ni,32.425,90.233,HfGa5Ni
mp-11959,CaSn2Rh,32.392,66.913,CaSn2Rh
mp-865867,Li2YTl,32.362,41.319,Li2YTl
mp-23047,Ho6MnBi2,32.156,51.435,Ho6MnBi2
mp-864925,NdMgZn2,32.136,56.12,NdMgZn2
mp-867895,Sm2CuRu,32.134,84.831,Sm2CuRu
mp-865505,Lu2InAg,32.13,69.509,Lu2InAg
mp-983126,HoTmZn2,32.116,63.012,HoTmZn2
mp-21490,CeSnPd,32.062,77.982,CeSnPd
mp-19968,CaIn2Cu,32.042,45.357,CaIn2Cu
mp-972861,Sc2TlTc,32.002,103.541,Sc2TlTc
mp-864659,Nd2NiIr,31.941,106.997,Nd2NiIr
mp-862588,LiDy2Tc,31.932,68.896,LiDy2Tc
mp-867267,LiHo2Pt,31.91,74.476,LiHo2Pt
mp-20522,TmAgPb,31.852,66.924,TmAgPb
mp-971979,Tm2ZnAg,31.805,68.975,Tm2ZnAg
mp-861600,Ho2ZnIn,31.772,60.928,Ho2ZnIn
mp-12759,Zn2CuAu,31.739,112.113,Zn2CuAu
mp-11879,BaNiSn3,31.724,46.496,BaNiSn3
mp-862788,Er2ZnIn,31.697,61.635,Er2ZnIn
mp-866150,LiSm2Os,31.695,74.266,LiSm2Os
mp-867251,LiZn2Pt,31.667,104.433,LiZn2Pt
mp-864976,Mg2AgIr,31.582,99.15,Mg2AgIr
mp-979421,YErZn2,31.495,61.225,YErZn2
mp-4508,ErInPd,31.411,89.71,ErInPd
mp-31169,ScAlAg2,31.362,93.143,ScAlAg2
mp-21505,YAgPb,31.32,63.551,YAgPb
mp-861913,LiDy2Al,31.25,49.683,LiDy2Al
mp-30587,MgInCu4,31.24,100.153,MgInCu4
mp-1018684,Er2Mg3Ru,31.234,49.451,Er2Mg3Ru
mp-567588,DyInRh,31.23,98.902,DyInRh
mp-13535,Tb2ZnNi2,31.218,70.66,Tb2ZnNi2
mp-865806,LuGaCu2,31.195,94.234,LuGaCu2
mp-972504,Sm2AlZn,31.189,56.309,Sm2AlZn
mp-961664,VSnPd,31.185,120.16,VSnPd
mp-12613,LaNiSn,31.135,73.286,LaNiSn
mp-972882,Sc2CdAg,31.094,72.853,Sc2CdAg
mp-865123,MgGaPd2,31.091,120.303,MgGaPd2
mp-979270,Tb2AgIr,31.058,96.964,Tb2AgIr
mp-862710,Sc2CdTc,31.014,100.691,Sc2CdTc
mp-867863,SmCu4Ag,31.012,100.508,SmCu4Ag
mp-974253,HoErZn2,30.971,62.845,HoErZn2
mp-978808,Sm2ZnGa,30.881,58.628,Sm2ZnGa
mp-867924,LiCdPd2,30.879,93.448,LiCdPd2
mp-867894,Sm2MgAl,30.872,50.087,Sm2MgAl
mp-22221,MnCu2Sn,30.817,103.969,MnCu2Sn
mp-11104,HoInRh,30.802,98.675,HoInRh
mp-19934,CeMgPt,30.741,79.546,CeMgPt
mp-972879,Sc2RuAu,30.673000000000002,125.306,Sc2RuAu
mp-13431,Dy2AlCo2,30.594,82.859,Dy2AlCo2
mp-984702,CeDyZn2,30.59,51.683,CeDyZn2
mp-864622,Nd2IrPd,30.569,94.942,Nd2IrPd
mp-568880,YInPd2,30.541,102.492,YInPd2
mp-977391,LiNd2Os,30.528,73.027,LiNd2Os
mp-864932,Mg2AgPt,30.478,84.193,Mg2AgPt
mp-865592,Y2ZnRu,30.47,87.008,Y2ZnRu
mp-30591,Li2CuSn,30.448,52.666,Li2CuSn
mp-867887,Sm2CuIr,30.369,89.382,Sm2CuIr
mp-979427,YHoZn2,30.364,60.525,YHoZn2
mp-867182,Sm2ZnIr,30.325,86.846,Sm2ZnIr
mp-866004,Er2InAg,30.299,65.736,Er2InAg
mp-977566,MgScPd2,30.299,101.961,MgScPd2
mp-865536,YbZrRh2,30.229,127.688,YbZrRh2
mp-12703,PrZnNi,30.122,63.238,PrZnNi
mp-631269,LiIrRh,30.087,141.531,LiIrRh
mp-867121,LiY2Pt,30.073,71.412,LiY2Pt
mp-982004,SmInPd,30.051,83.172,SmInPd
mp-866146,LiSm2Ir,30.036,74.686,LiSm2Ir
mp-865793,LiSc2Rh,30.034,85.14,LiSc2Rh
mp-1007961,CrInCu2,29.914,93.374,CrInCu2
mp-867128,Sm2PdRu,29.904,94.638,Sm2PdRu
mp-866181,Li2NdIn,29.888,40.663,Li2NdIn
mp-568424,CaAlAu,29.879,66.363,CaAlAu
mp-865993,YbSmRh2,29.843,90.68,YbSmRh2
mp-865079,TiZnPd2,29.824,150.486,TiZnPd2
mp-20521,ScInPt2,29.805,141.942,ScInPt2
mp-978824,Sm2RuAu,29.788,93.022,Sm2RuAu
mp-21508,Y2Pd2Pb,29.744,81.155,Y2Pd2Pb
mp-978549,SmLuZn2,29.737,59.305,SmLuZn2
mp-866131,Lu2TlAg,29.72,65.545,Lu2TlAg
mp-865361,Tm2MgOs,29.624,89.938,Tm2MgOs
mp-21875,Y4GaCo4,29.546,96.804,Y4GaCo4
mp-571263,KIn9Co2,29.539,48.749,KIn9Co2
mp-13915,LiNi2Sn,29.525,112.914,LiNi2Sn
mp-21443,Ce2Pd2Pb,29.445,77.426,Ce2Pd2Pb
mp-866202,Li2SnPt,29.364,67.708,Li2SnPt
mp-866178,Li2NdAl,29.333,42.611,Li2NdAl
mp-866192,Li2YbSn,29.306,34.107,Li2YbSn
mp-866120,Tm2TlAg,29.296,66.273,Tm2TlAg
mp-862673,LiY2Ru,29.28,70.948,LiY2Ru
mp-978267,Mg2ZnRh,29.257,84.27,Mg2ZnRh
mp-862704,ScZn2Pt,29.224,123.901,ScZn2Pt
mp-864601,LiMg2Rh,29.172,66.418,LiMg2Rh
mp-865991,YbSmZn2,29.126,45.837,YbSmZn2
mp-12710,PrZnPd,29.073,77.401,PrZnPd
mp-864837,Nd2CuRu,29.061,81.88,Nd2CuRu
mp-980062,YbErZn2,29.049,48.824,YbErZn2
mp-30449,MgCuBi,29.042,56.495,MgCuBi
mp-30816,Li2AlPd,29.042,68.314,Li2AlPd
mp-979712,DyYZn2,29.032,59.82,DyYZn2
mp-865297,Ho2InAg,29.025,65.284,Ho2InAg
mp-974527,NdSmZn2,28.981,53.007,NdSmZn2
mp-865982,TmCdPd2,28.97,102.769,TmCdPd2
mp-20265,LiIn2Pt,28.966,81.018,LiIn2Pt
mp-3726,Li2GaPt,28.95,82.351,Li2GaPt
mp-568974,Ca(CuSn)2,28.942,63.562,Ca(CuSn)2
mp-977554,MgScAg2,28.927,72.567,MgScAg2
mp-20481,MnSnPd2,28.853,129.866,MnSnPd2
mp-570689,CaInPt,28.849,72.999,CaInPt
mp-574025,HfInAu2,28.838,128.33,HfInAu2
mp-976744,LiEr2Tl,28.817,50.836,LiEr2Tl
mp-863651,Ho2CdIn,28.777,59.553,Ho2CdIn
mp-973276,HoLuCd2,28.768,59.674,HoLuCd2
mp-972866,Sc2PdAu,28.725,107.16,Sc2PdAu
mp-1019255,SmTlCd,28.712,52.82,SmTlCd
mp-866179,Li2NdTl,28.708,39.457,Li2NdTl
mp-865441,TiAlPd2,28.706,158.18,TiAlPd2
mp-4864,CaMgSn,28.662,40.739,CaMgSn
mp-865730,TiZnAu2,28.603,133.602,TiZnAu2
mp-1025021,YbMgCu4,28.588,79.591,YbMgCu4
mp-977570,LiPr2Os,28.583,70.817,LiPr2Os
mp-20001,SrSnPt,28.578,69.787,SrSnPt
mp-867896,ScZnCu2,28.575,99.218,ScZnCu2
mp-978519,Sm2AlCd,28.563,56.287,Sm2AlCd
mp-571039,CaAlPd,28.522,62.104,CaAlPd
mp-975656,Pr2NiIr,28.516,62.475,Pr2NiIr
mp-865997,YbPrZn2,28.411,43.874,YbPrZn2
mp-754185,Y2MgNi2,28.377,63.25,Y2MgNi2
mp-861483,Pr2IrPd,28.342,91.797,Pr2IrPd
mp-862662,LaMgZn2,28.284,51.066,LaMgZn2
mp-31443,Li2InIr,28.256,82.523,Li2InIr
mp-863738,ErCdPd2,28.245,101.867,ErCdPd2
mp-973956,Lu2CdAg,28.195,66.319,Lu2CdAg
mp-977392,Ho2MgIn,28.17,53.469,Ho2MgIn
mp-4652,MnRh2Pb,28.127,151.048,MnRh2Pb
mp-3942,TmSnPd2,28.127,113.153,TmSnPd2
mp-863702,Er2MgIn,28.117,54.51,Er2MgIn
mp-865043,MgInPd2,28.094,109.21,MgInPd2
mp-5549,MgSnAu,28.043,65.619,MgSnAu
mp-30799,NdTlPd,28.036,76.14,NdTlPd
mp-1018780,Li3SmBi2,28.031,38.262,Li3SmBi2
mp-3398,Ho2Ni2Pb,28.014,74.964,Ho2Ni2Pb
mp-1018074,GaFeNi2,27.984,167.75,GaFeNi2
mp-862981,Er2CdIn,27.973,60.36,Er2CdIn
mp-866196,Li2PrIn,27.925,38.333,Li2PrIn
mp-863667,Er2TlAg,27.903,64.936,Er2TlAg
mp-20479,SrIn4Ni,27.899,47.444,SrIn4Ni
mp-866024,Be2RhAu,27.888,183.765,Be2RhAu
mp-975822,PrNdZn2,27.862,51.524,PrNdZn2
mp-972640,SmDyZn2,27.83,57.307,SmDyZn2
mp-865520,YCdPd2,27.819,97.382,YCdPd2
mp-866227,CaNdRh2,27.763,82.434,CaNdRh2
mp-961668,AlVPt,27.745,139.456,AlVPt
mp-12783,Sr(CdGa)2,27.739,43.715,Sr(CdGa)2
mp-11490,Li2ZnSn,27.734,37.548,Li2ZnSn
mp-16646,PrMgRh,27.733,72.105,PrMgRh
mp-30451,SrCuBi,27.691,40.538,SrCuBi
mp-865964,Li2CaSn,27.664,34.099,Li2CaSn
mp-2894145,LiMg6Mo,27.637,46.099,LiMg6Mo
mp-975769,PrYZn2,27.633,55.032,PrYZn2
mp-12961,YAlPd,27.628,93.559,YAlPd
mp-865151,YbNdRh2,27.617,87.977,YbNdRh2
mp-4106,YbSnPd,27.608,68.945,YbSnPd
mp-865007,Dy2MgIn,27.596,52.775,Dy2MgIn
mp-21887,NdInPd,27.594,79.888,NdInPd
mp-865449,Tm2MgTc,27.589,77.305,Tm2MgTc
mp-974638,NdErZn2,27.584,57.029,NdErZn2
mp-865963,LiGaAg2,27.563,66.916,LiGaAg2
mp-976129,PrErZn2,27.557,55.889,PrErZn2
mp-865753,YbErPd2,27.507,79.277,YbErPd2
mp-16766,LaAl2Ag3,27.456,78.309,LaAl2Ag3
mp-571310,ZrInPt2,27.431,160.728,ZrInPt2
mp-862750,SrNiSn2,27.429,57.57,SrNiSn2
mp-672254,CaPdPb,27.4,57.601,CaPdPb
mp-631495,BaYSc,27.375,17.332,BaYSc
mp-1019279,SrZnSn,27.358,37.518,SrZnSn
mp-861588,Pr2CuRu,27.35,78.771,Pr2CuRu
mp-867869,Sm2AgRu,27.293,83.326,Sm2AgRu
mp-1025116,TmCu4Ag,27.214,109.243,TmCu4Ag
mp-866061,CaSmZn2,27.213,45.189,CaSmZn2
mp-865866,LiZrPt2,27.199,139.016,LiZrPt2
mp-20754,LiCeSn2,27.191,47.381,LiCeSn2
mp-978537,SmHoZn2,27.18,57.325,SmHoZn2
mp-864944,MnBe2Pt,27.168,139.445,MnBe2Pt
mp-864610,Nd2MgAl,27.158,46.7,Nd2MgAl
mp-1018770,Li3PrBi2,27.09,37.325,Li3PrBi2
mp-30592,CuNi2Sn,27.073,149.253,CuNi2Sn
mp-972540,SmYZn2,27.058,59.049,SmYZn2
mp-973894,LaNdZn2,27.055,47.768,LaNdZn2
mp-865329,Lu2MgTc,27.045,79.162,Lu2MgTc
mp-972522,SmTmZn2,27.032,58.598,SmTmZn2
mp-972528,SmYAg2,27.002,63.294,SmYAg2
mp-22384,DyInPt,26.984,79.936,DyInPt
mp-861900,LiGaAu2,26.976,85.118,LiGaAu2
mp-22284,SrInPt,26.962,62.337,SrInPt
mp-20497,SrIn2Ir,26.933,58.263,SrIn2Ir
mp-30347,ScInAg2,26.91,83.809,ScInAg2
mp-20491,LaInCu2,26.891,70.523,LaInCu2
mp-972949,LaSmZn2,26.851,49.862,LaSmZn2
mp-976343,HoErPd2,26.844,92.604,HoErPd2
mp-865360,Tm2MgIr,26.832,87.72,Tm2MgIr
mp-31294,Sr2In3Rh2,26.802,58.384,Sr2In3Rh2
mp-979429,YHoCd2,26.801,57.371,YHoCd2
mp-864762,LiMg2Zn,26.795,40.259,LiMg2Zn
mp-30433,BaSn3Pt,26.771,60.919,BaSn3Pt
mp-861993,Ho2TlAg,26.76,63.714,Ho2TlAg
mp-22941,CaCuBi,26.718,44.943,CaCuBi
mp-2479693,LiCaSn,26.704,33.128,LiCaSn
mp-30648,LiMg2Ga,26.698,38.321,LiMg2Ga
mp-865800,Yb2BiAu,26.674,45.488,Yb2BiAu
mp-1023208,CaMg6W,26.629,43.917,CaMg6W
mp-862767,TbMgCd2,26.564,54.108,TbMgCd2
mp-21027,CaIn2Pt,26.547,66.9,CaIn2Pt
mp-866220,CaNdZn2,26.537,44.441,CaNdZn2
mp-865512,YMgCd2,26.509,53.873,YMgCd2
mp-11091,NdMgPt,26.504,77.781,NdMgPt
mp-977442,Yb2ZnGa,26.477,37.583,Yb2ZnGa
mp-865893,LiZr2Tc,26.476,117.351,LiZr2Tc
mp-1023161,CaMg6Mo,26.463,41.748,CaMg6Mo
mp-977445,Nd2ZnIr,26.458,80.699,Nd2ZnIr
mp-867250,LiZn2Pd,26.455,87.893,LiZn2Pd
mp-21124,SrIn4Pt,26.341,52.456,SrIn4Pt
mp-20533,SrIn2Pt,26.311,55.359,SrIn2Pt
mp-864972,Mg2PdAu,26.291,88.039,Mg2PdAu
mp-3201,Li2GaPd,26.29,67.604,Li2GaPd
mp-866193,Li2LaIn,26.277,37.747,Li2LaIn
mp-866015,CaPrZn2,26.267,43.686,CaPrZn2
mp-978950,Sm2ZnIn,26.257,55.434,Sm2ZnIn
mp-866073,MgSnRh2,26.257,147.583,MgSnRh2
mp-867773,DyMgCd2,26.236,54.341,DyMgCd2
mp-862759,PrMgZn2,26.176,55.055,PrMgZn2
mp-30580,SrGaCu2,26.153,52.608,SrGaCu2
mp-16482,TiAlAu2,26.152,138.455,TiAlAu2
mp-867222,LiCa2Ir,26.111,48.032,LiCa2Ir
mp-30342,HoInAg2,26.089,77.054,HoInAg2
mp-864835,Hf2CoIr,26.08,184.201,Hf2CoIr
mp-867127,ScCdAg2,26.055,80.644,ScCdAg2
mp-976344,Nd2ZnGa,26.014,54.936,Nd2ZnGa
mp-864805,Nd2CuIr,26.005,86.254,Nd2CuIr
mp-862962,CaLaZn2,25.998,42.467,CaLaZn2
mp-978265,Mg2ZnPd,25.948,72.28,Mg2ZnPd
mp-977380,LiMg2Pd,25.898,57.675,LiMg2Pd
mp-861738,CaMgPb,25.863,36.51,CaMgPb
mp-30340,ErInAg2,25.82,77.665,ErInAg2
mp-863672,ErMgCd2,25.799,54.634,ErMgCd2
mp-867186,CeZn2Ag,25.752,58.884,CeZn2Ag
mp-31171,Zn2AgAu,25.725,102.933,Zn2AgAu
mp-16645,SmMgPt,25.724,80.64,SmMgPt
mp-866005,Dy2TlCd,25.723,57.964,Dy2TlCd
mp-30381,Li2GaAu,25.706,59.891,Li2GaAu
mp-1016296,SrMg6Mo,25.678,39.303,SrMg6Mo
mp-973847,La2ZnGa,25.569,47.145,La2ZnGa
mp-865708,LiSm2Ru,25.565,66.47,LiSm2Ru
mp-21242,LiYbPb,25.544,30.798000000000002,LiYbPb
mp-568695,CaCdSn,25.536,42.528,CaCdSn
mp-31148,BaZnSn,25.518,34.655,BaZnSn
mp-867868,Sm2AgIr,25.511,89.778,Sm2AgIr
mp-7243,LiSnPd2,25.46,108.005,LiSnPd2
mp-22717,CaIn2Pd,25.46,59.191,CaIn2Pd
mp-861994,Ho2TlCd,25.452,59.723,Ho2TlCd
mp-866081,MgSc2Os,25.439,105.142,MgSc2Os
mp-11973,YbSnRh,25.415,82.861,YbSnRh
mp-867131,SmMgCd2,25.367,52.617,SmMgCd2
mp-30727,MgCdAg2,25.347,69.74,MgCdAg2
mp-865918,Yb2CdSn,25.303,36.108,Yb2CdSn
mp-31168,Li2AlAg,25.281,50.135,Li2AlAg
mp-7376,Sr3(AlSn)2,25.252,36.254,Sr3(AlSn)2
mp-31442,Li2InRh,25.237,70.882,Li2InRh
mp-866008,Dy2TlAg,25.22,61.975,Dy2TlAg
mp-865854,Yb2CuRh,25.194,54.848,Yb2CuRh
mp-30472,Ca2GaCu2,25.146,53.652,Ca2GaCu2
mp-581707,ZrInAu2,25.139,122.347,ZrInAu2
mp-979435,YMg2Sc,25.076,44.842,YMg2Sc
mp-11547,YTlPd,25.047,81.983,YTlPd
mp-864922,MgZnAu2,25.037,94.828,MgZnAu2
mp-866177,YbAgPd2,24.979,91.195,YbAgPd2
mp-20233,CaMnSn,24.968,40.38,CaMnSn
mp-1019280,SrZnPb,24.914,32.355,SrZnPb
mp-867799,Ca2BiAu,24.891,42.058,Ca2BiAu
mp-30805,SrNiSn3,24.888,51.162,SrNiSn3
mp-19991,SrIn4Pd,24.856,47.85,SrIn4Pd
mp-865815,YbPd2Au,24.769,104.932,YbPd2Au
mp-30395,ScInAu2,24.732,101.827,ScInAu2
mp-861628,Er2TlCd,24.637,59.121,Er2TlCd
mp-22673,MnInCu2,24.622,103.816,MnInCu2
mp-20998,LiCaPb,24.614,29.742,LiCaPb
mp-861508,Pr2ZnIr,24.587,78.497,Pr2ZnIr
mp-867921,Sm2ZnRu,24.579,81.483,Sm2ZnRu
mp-865578,LiNd2Ga,24.558,43.608,LiNd2Ga
mp-861940,Ca2CdSn,24.541,34.346,Ca2CdSn
mp-979073,TmMg2Sc,24.536,46.104,TmMg2Sc
mp-11236,MgZnAg2,24.529,75.529,MgZnAg2
mp-979417,DyYCd2,24.488,56.229,DyYCd2
mp-977589,Tm2TlCd,24.389,60.245,Tm2TlCd
mp-867899,Sm2IrRh,24.382,110.279,Sm2IrRh
mp-1023193,CaMg6Nb,24.369,42.167,CaMg6Nb
mp-568719,SmInAg2,24.328,72.272,SmInAg2
mp-984791,CaTmCd2,24.297,45.017,CaTmCd2
mp-30437,CaSnPd,24.277,66.403,CaSnPd
mp-865546,Yb2AgBi,24.271,38.939,Yb2AgBi
mp-973606,Nd2IrAu,24.25,92.21,Nd2IrAu
mp-30598,SrCuSn2,24.239,47.714,SrCuSn2
mp-861499,Pr2CuIr,24.217,84.313,Pr2CuIr
mp-31152,CaGaPt,24.132,81.877,CaGaPt
mp-1001914,Li2SnIr,24.121,85.092,Li2SnIr
mp-31145,BaCuBi,24.08,38.096,BaCuBi
mp-977110,NaSnPd2,24.056,80.165,NaSnPd2
mp-2927,LiAg2Sn,23.975,59.483,LiAg2Sn
mp-999207,Sc2MnSn,23.849,72.919,Sc2MnSn
mp-865117,NaErTl2,23.846,37.926,NaErTl2
mp-865096,NaHoTl2,23.742,38.106,NaHoTl2
mp-865504,YAlAg2,23.742,82.71,YAlAg2
mp-867206,LiCd2Pt,23.689,84.2,LiCd2Pt
mp-973067,ScGa2Ru,23.656,128.767,ScGa2Ru
mp-866158,YLuMg2,23.614,43.556,YLuMg2
mp-866080,MgSc2Tl,23.613,58.309,MgSc2Tl
mp-867834,LiHfPt2,23.595,146.996,LiHfPt2
mp-570272,Tb2Mg3Ni2,23.537,48.67,Tb2Mg3Ni2
mp-975972,PrLuMg2,23.46,41.51,PrLuMg2
mp-30461,BiPd2Pb,23.445,83.365,BiPd2Pb
mp-11269,BaSn3Pd,23.411,55.006,BaSn3Pd
mp-866176,Li2PdAu,23.405,68.175,Li2PdAu
mp-866180,Li2YbPb,23.4,28.662,Li2YbPb
mp-971985,TbAlCu2,23.388,92.528,TbAlCu2
mp-867178,PrMgCd2,23.368,50.25,PrMgCd2
mp-22810,Ce2MgCu2,23.306,53.011,Ce2MgCu2
mp-862757,PrDyMg2,23.289,39.675,PrDyMg2
mp-866128,NaTmTl2,23.164,37.535,NaTmTl2
mp-21024,SrIn2Pd,23.163,47.596,SrIn2Pd
mp-975880,PrSmMg2,23.158,38.321,PrSmMg2
mp-865210,TmLuMg2,23.143,45.134,TmLuMg2
mp-976030,PrHoMg2,23.12,39.674,PrHoMg2
mp-978555,Sm2CdIr,23.106,83.241,Sm2CdIr
mp-12580,Li2CdSn,23.104,35.899,Li2CdSn
mp-22712,YPd2Pb,23.095,93.034,YPd2Pb
mp-631473,KTi2Bi,23.084,53.236,KTi2Bi
mp-975515,NdLuMg2,23.058,40.599,NdLuMg2
mp-976151,PrErMg2,23.028,39.817,PrErMg2
mp-867149,Sr2CdSn,22.989,29.052,Sr2CdSn
mp-866063,NdDyMg2,22.984,40.013,NdDyMg2
mp-861479,PrYMg2,22.951,39.202,PrYMg2
mp-975848,PrNdMg2,22.948,37.416,PrNdMg2
mp-867911,ScCdPd2,22.942,113.454,ScCdPd2
mp-3498,HfGaNi2,22.94,128.242,HfGaNi2
mp-864612,Nd2MgIn,22.87,46.386,Nd2MgIn
mp-974517,NdErMg2,22.854,40.097,NdErMg2
mp-865660,Yb2AgPt,22.834,56.533,Yb2AgPt
mp-977415,HoCdAu2,22.834,89.835,HoCdAu2
mp-865713,Li2TlBi,22.827,30.009,Li2TlBi
mp-982015,LaDyMg2,22.827,38.201,LaDyMg2
mp-864799,HoLuMg2,22.812,43.429,HoLuMg2
mp-864598,LiMg2Ag,22.76,44.769,LiMg2Ag
mp-620571,CaInPd,22.758,60.927,CaInPd
mp-11958,CaSn2Pd,22.729,58.694,CaSn2Pd
mp-978833,SmYIn2,22.726,55.99,SmYIn2
mp-976008,NdTmMg2,22.702,40.406,NdTmMg2
mp-20864,VNi2Sn,22.62,122.027,VNi2Sn
mp-864620,CaSmCd2,22.585,42.683,CaSmCd2
mp-866295,DyLuMg2,22.533,43.506,DyLuMg2
mp-861481,Pr2AgRu,22.525,75.998,Pr2AgRu
mp-866168,TiInPd2,22.501,125.716,TiInPd2
mp-568398,CaBiAu,22.466,53.944,CaBiAu
mp-864611,Nd2IrRh,22.447,105.456,Nd2IrRh
mp-571443,SrMgIn3,22.431,35.493,SrMgIn3
mp-978815,Sm2TlZn,22.421,55.425,Sm2TlZn
mp-861661,LiPr2Ru,22.364,61.849,LiPr2Ru
mp-631482,BiMoRh,22.36,130.515,BiMoRh
mp-863744,Ca2PdAu,22.324,51.164,Ca2PdAu
mp-1006146,Eu(MgBi)2,22.291,32.63,Eu(MgBi)2
mp-13171,YMgCu,22.255,60.094,YMgCu
mp-979057,Sm2ZnAg,22.245,57.911,Sm2ZnAg
mp-972601,SmLuMg2,22.235,40.91,SmLuMg2
mp-1006057,LaPrIn2,22.228,51.388,LaPrIn2
mp-29208,Ca(MgBi)2,22.208,34.698,Ca(MgBi)2
mp-866082,MgSc2Tc,22.204,88.439,MgSc2Tc
mp-978796,SmDyIn2,22.203,56.106,SmDyIn2
mp-569628,CaCdAu,22.156,53.32,CaCdAu
mp-568596,SmInAu2,22.155,85.394,SmInAu2
mp-867196,LiCd2Pd,22.13,71.539,LiCd2Pd
mp-865231,LiScTl2,22.125,44.718,LiScTl2
mp-10872,HfAlAu2,22.112,142.057,HfAlAu2
mp-865076,NaCd2Pt,22.098,69.41,NaCd2Pt
mp-567210,TbInAu2,22.082,89.859,TbInAu2
mp-1008226,CrFe2Sn,22.082,143.331,CrFe2Sn
mp-865648,Yb2CdPb,22.062,33.75,Yb2CdPb
mp-30374,DyInAu2,22.045,90.936,DyInAu2
mp-1021423,KMg6Ti,21.953,48.731,KMg6Ti
mp-984767,DyHoIn2,21.948,57.572,DyHoIn2
mp-971702,YbNdCd2,21.937,42.101,YbNdCd2
mp-867224,CaNdCd2,21.903,41.739,CaNdCd2
mp-978089,Pr2IrAu,21.893,89.437,Pr2IrAu
mp-867159,SmDyMg2,21.856,40.294,SmDyMg2
mp-865167,Ca2CdPb,21.831,32.385,Ca2CdPb
mp-631523,TcNiW,21.798000000000002,201.037,TcNiW
mp-865789,YbInAg2,21.769,55.757,YbInAg2
mp-867118,LaSnAu2,21.755,77.314,LaSnAu2
mp-865150,MgCdAu2,21.743,86.378,MgCdAu2
mp-972511,Sm2AgSn,21.731,62.377,Sm2AgSn
mp-980942,YTmMg2,21.693,42.606,YTmMg2
mp-570213,LiMgBi,21.657,31.336,LiMgBi
mp-867349,Dy2MgTl,21.635,50.473,Dy2MgTl
mp-972530,Sm2AgRh,21.569,79.206,Sm2AgRh
mp-866133,Lu2TlCd,21.558,60.239,Lu2TlCd
mp-867257,CaPrCd2,21.552,40.978,CaPrCd2
mp-867130,SmHoMg2,21.549,40.49,SmHoMg2
mp-865935,Li2MgSn,21.546,34.883,Li2MgSn
mp-980044,YbPrCd2,21.5,41.352,YbPrCd2
mp-978625,Sm2MgTl,21.479,46.667,Sm2MgTl
mp-978563,SmHoIn2,21.466,56.394,SmHoIn2
mp-978513,SmErMg2,21.424,40.708,SmErMg2
mp-1021424,KMg6Mo,21.388,39.445,KMg6Mo
mp-31496,Li2Sn2Au,21.387,47.106,Li2Sn2Au
mp-862492,LiErTl2,21.383,43.284,LiErTl2
mp-867861,SmYMg2,21.373,40.002,SmYMg2
mp-12696,YMgPd,21.372,71.355,YMgPd
mp-867171,SrLi2Sn,21.366,30.554,SrLi2Sn
mp-977376,TbCdAu2,21.331,87.541,TbCdAu2
mp-30405,Li2SnAu,21.316,55.812,Li2SnAu
mp-862721,Sr2CdPb,21.316,27.344,Sr2CdPb
mp-864800,Yb2PdAu,21.308,55.635,Yb2PdAu
mp-22493,YInAu2,21.208,89.598,YInAu2
mp-864748,Gd2MgIn,21.207,67.859,Gd2MgIn
mp-570683,PrInAg2,21.183,67.825,PrInAg2
mp-20058,GdAlPd,21.176,87.985,GdAlPd
mp-22027,MnSnAu,21.172,79.189,MnSnAu
mp-866067,Nd2CdIn,21.146,50.858,Nd2CdIn
mp-867854,Ca2ZnRh,21.138,48.691,Ca2ZnRh
mp-973874,LiLa2Al,21.112,36.572,LiLa2Al
mp-865522,YCdAu2,21.097,87.395,YCdAu2
mp-979424,YErIn2,21.058,57.035,YErIn2
mp-976341,Nd2ZnAg,21.056,54.104,Nd2ZnAg
mp-29209,Ba(MgBi)2,21.056,31.668,Ba(MgBi)2
mp-975933,NdHoIn2,21.051,55.325,NdHoIn2
mp-867191,Sm2TlCd,21.025,53.486,Sm2TlCd
mp-865919,MgAlAg2,21.024,80.359,MgAlAg2
mp-977404,Nd2AgIr,20.958,83.856,Nd2AgIr
mp-865524,YCdPt2,20.954,116.26,YCdPt2
mp-12128,Li2MgIn,20.946,29.856,Li2MgIn
mp-867805,LiCa2Ga,20.928,28.548000000000002,LiCa2Ga
mp-978542,SmErIn2,20.911,55.814,SmErIn2
mp-31018,SrAgBi,20.895,35.76,SrAgBi
mp-866000,CaLaCd2,20.861,40.129,CaLaCd2
mp-866194,Li2MgCd,20.86,28.998,Li2MgCd
mp-864763,LiYb2Rh,20.811,41.92,LiYb2Rh
mp-867762,DyMgAu2,20.809,84.578,DyMgAu2
mp-867287,LiInAu2,20.793,76.048,LiInAu2
mp-567347,Li2AgSn,20.768,46.665,Li2AgSn
mp-1016329,SrMg6Nb,20.756,38.931,SrMg6Nb
mp-867193,Sr2BiAu,20.738,35.078,Sr2BiAu
mp-975932,PrLuIn2,20.724,55.104,PrLuIn2
mp-866175,Yb2CdIn,20.71,34.611,Yb2CdIn
mp-867350,Ca2MgIn,20.709,30.387,Ca2MgIn
mp-980053,YbPrAu2,20.684,64.929,YbPrAu2
mp-977553,Yb2PtAu,20.657,63.365,Yb2PtAu
mp-980055,YErMg2,20.656,42.167,YErMg2
mp-631429,ZrCrFe,20.655,88.405,ZrCrFe
mp-865433,Y2MgRu,20.648,74.058,Y2MgRu
mp-976159,PrErIn2,20.646,54.562,PrErIn2
mp-982388,HoTmMg2,20.63,42.853,HoTmMg2
mp-510311,BaZnPb,20.614,29.868,BaZnPb
mp-864933,Mg2AgRh,20.608,88.2,Mg2AgRh
mp-865202,TmCdPt2,20.588,123.512,TmCdPt2
mp-866211,Lu2CdIn,20.582,59.863,Lu2CdIn
mp-7377,Ba3(AlSn)2,20.566,31.429,Ba3(AlSn)2
mp-569886,KIn9Ni2,20.557,39.521,KIn9Ni2
mp-975518,NdLuIn2,20.488,55.675,NdLuIn2
mp-978083,Pr2ZnAg,20.487,52.345,Pr2ZnAg
mp-865316,Gd2MgTl,20.482,-10.668,Gd2MgTl
mp-1023329,CaMg6Zr,20.459,38.262,CaMg6Zr
mp-865082,NaCaAu2,20.408,41.303,NaCaAu2
mp-631451,Ta2CdBi,20.358,106.406,Ta2CdBi
mp-865859,LaYbCd2,20.338,40.401,LaYbCd2
mp-867255,LiZn2Au,20.303,80.793,LiZn2Au
mp-980068,YbSmPd2,20.256,71.092,YbSmPd2
mp-31301,LiSn4Au3,20.244,62.451,LiSn4Au3
mp-571599,Ba(BiPd)2,20.217,59.927,Ba(BiPd)2
mp-861651,Li2PdPb,20.181,50.293,Li2PdPb
mp-30731,HoSnPd2,20.177,110.96,HoSnPd2
mp-862619,LiErIn2,20.144,43.83,LiErIn2
mp-866171,YMgAu2,20.128,83.086,YMgAu2
mp-867361,CeTlAu2,20.109,83.944,CeTlAu2
mp-978907,TbTlAg2,20.09,68.02,TbTlAg2
mp-20452,Ba(MgPb)2,20.078,30.681,Ba(MgPb)2
mp-11519,NiSnRh2,20.057,180.244,NiSnRh2
mp-978547,SmLuIn2,20.047,56.065,SmLuIn2
mp-862632,LiCa2Al,20.041,29.043,LiCa2Al
mp-13920,Ba(ZnSn)2,20.036,43.515,Ba(ZnSn)2
mp-5159,LiGa2Pd,20.021,83.371,LiGa2Pd
mp-567787,LiInAg2,20.019,60.474,LiInAg2
mp-568139,NdInAu2,20.018,81.431,NdInAu2
mp-862747,Sr2PtAu,19.997,45.405,Sr2PtAu
mp-862795,CaLaAg2,19.952,44.205,CaLaAg2
mp-862663,LaPbAu2,19.936,71.48,LaPbAu2
mp-1016442,SrMg6Ga,19.932,29.542,SrMg6Ga
mp-867119,LiHfPd2,19.867,117.376,LiHfPd2
mp-983556,Er2MgTl,19.866,51.119,Er2MgTl
mp-865426,YbNdAg2,19.85,50.84,YbNdAg2
mp-865109,NaSmTl2,19.687,36.766,NaSmTl2
mp-982009,Pr2CdSn,19.655,54.037,Pr2CdSn
mp-864743,Yb2TlCd,19.632,33.659,Yb2TlCd
mp-862677,LiHoTl2,19.632,42.546,LiHoTl2
mp-971705,Tm2MgTl,19.59,51.653,Tm2MgTl
mp-864602,Nd2MgTl,19.556,44.88,Nd2MgTl
mp-864878,ZrAlAu2,19.536,135.096,ZrAlAu2
mp-568466,LiInSn,19.365,34.609,LiInSn
mp-568537,YbInAu2,19.356,66.646,YbInAu2
mp-973088,MgInAg2,19.238,68.284,MgInAg2
mp-865597,NdPbAu2,19.233,75.68,NdPbAu2
mp-867876,SmTlAg2,19.196,65.15,SmTlAg2
mp-867849,Ca2TlCd,19.163,32.155,Ca2TlCd
mp-631479,CaHfBe,19.0,49.413,CaHfBe
mp-971891,Zn2PdAu,18.995,128.444,Zn2PdAu
mp-570677,Ba5Al5Sn,18.994,29.211,Ba5Al5Sn
mp-2789384,KMg6Nb,18.969,30.941,KMg6Nb
mp-2828768,SrMg6Zr,18.906,34.536,SrMg6Zr
mp-865607,LuGaPd2,18.845,115.558,LuGaPd2
mp-978624,Sm2MgIr,18.839,75.698,Sm2MgIr
mp-862692,DyHoMg2,18.839,43.612,DyHoMg2
mp-972536,Sm2TlAg,18.836,57.182,Sm2TlAg
mp-20801,LiIn2Pd,18.833,67.719,LiIn2Pd
mp-861645,Ca2MgTl,18.831,28.633,Ca2MgTl
mp-1022488,NaMg6Zr,18.822,35.637,NaMg6Zr
mp-10873,ScAlAu2,18.822,114.629,ScAlAu2
mp-867211,LiCa2In,18.813,27.505,LiCa2In
mp-865625,Na2MgSn,18.808,22.948,Na2MgSn
mp-29207,SrMnBi2,18.785,32.353,SrMnBi2
mp-867306,AlCuAu2,18.751,134.721,AlCuAu2
mp-30426,BaCdBi2,18.744,30.641,BaCdBi2
mp-568809,Ba5Al5Pb,18.694,28.583,Ba5Al5Pb
mp-865487,VZnRh2,18.666,203.686,VZnRh2
mp-867985,SmPbAu2,18.567,77.954,SmPbAu2
mp-979989,Yb2AgPd,18.544,47.651,Yb2AgPd
mp-981397,YbPrMg2,18.446,30.717,YbPrMg2
mp-21026,Li2InPt,18.408,71.969,Li2InPt
mp-866140,TiGaPd2,18.4,155.629,TiGaPd2
mp-20898,DyInAg2,18.398,64.011,DyInAg2
mp-975801,PrTlAg2,18.365,61.809,PrTlAg2
mp-570611,PrInAu2,18.309,78.371,PrInAu2
mp-974782,NdTlAg2,18.307,62.88,NdTlAg2
mp-1023366,CaYMg6,18.212,33.841,CaYMg6
mp-865111,NaSmAu2,18.192,59.904,NaSmAu2
mp-977418,LiMgAu2,18.185,68.967,LiMgAu2
mp-861643,CaLaMg2,18.121,29.61,CaLaMg2
mp-865947,YbPrAg2,18.108,54.172,YbPrAg2
mp-861665,LiTmIn2,18.108,38.577,LiTmIn2
mp-865563,LuZnPd2,18.066,111.102,LuZnPd2
mp-864668,NdSnAu2,18.058,82.554,NdSnAu2
mp-978095,Pr2CdPb,18.011,50.071,Pr2CdPb
mp-861505,Pr2MgTl,17.977,43.757,Pr2MgTl
mp-568917,LaInAg2,17.957,63.889,LaInAg2
mp-978564,SmYTl2,17.948,53.46,SmYTl2
mp-972180,YbMgIn2,17.921,37.737,YbMgIn2
mp-569331,Li(Sn3Pd)2,17.812,61.911,Li(Sn3Pd)2
mp-972526,SmSnAu2,17.723,84.809,SmSnAu2
mp-865113,NaNdAu2,17.696,57.865,NaNdAu2
mp-975522,NdLuTl2,17.653,52.906,NdLuTl2
mp-2861134,KMg6Zr,17.592,29.002,KMg6Zr
mp-867801,La2AgSn,17.588,49.213,La2AgSn
mp-865661,YbMgCd2,17.587,38.38,YbMgCd2
mp-865879,Li2AgAu,17.539,49.503,Li2AgAu
mp-862805,PrSnAu2,17.514,80.55,PrSnAu2
mp-31173,CeCd2Ag,17.503,53.25,CeCd2Ag
mp-864756,Yb2MgIn,17.477,30.524,Yb2MgIn
mp-11234,PrMg2Ag,17.459,45.818,PrMg2Ag
mp-982010,Pr2CdAg,17.421,50.574,Pr2CdAg
mp-982017,PrYTl2,17.376,51.765,PrYTl2
mp-631388,CdIrRu,17.362,157.642,CdIrRu
mp-975608,Li2TlPt,17.316,56.12,Li2TlPt
mp-2828744,KHfMg6,17.306,29.655,KHfMg6
mp-20844,Dy3(CuSn)4,17.296,81.322,Dy3(CuSn)4
mp-865112,NaPrTl2,17.268,35.668,NaPrTl2
mp-861594,Pr2TlCd,17.214,48.605,Pr2TlCd
mp-975920,PrSmTl2,17.144,51.835,PrSmTl2
mp-30427,BaZnBi2,17.133,31.416,BaZnBi2
mp-644504,NdMg2Ag,17.132,46.464,NdMg2Ag
mp-977542,LiTbTl2,17.115,42.072,LiTbTl2
mp-865813,YbMgTl2,17.094,35.189,YbMgTl2
mp-21029,Li2InPd,17.086,59.663,Li2InPd
mp-865118,NaPrAu2,17.065,56.68,NaPrAu2
mp-865666,Li2TlAg,17.026,32.933,Li2TlAg
mp-11235,SmMg2Ag,17.019,47.298,SmMg2Ag
mp-978975,TbYTl2,16.993,54.245,TbYTl2
mp-866079,MgSc2Ru,16.985,90.878,MgSc2Ru
mp-972119,SrCaTl2,16.901,28.313,SrCaTl2
mp-866117,HfZnAu2,16.877,137.013,HfZnAu2
mp-978527,SmDyTl2,16.825,54.144,SmDyTl2
mp-7554,LiMgSnAu,16.802,61.1,LiMgSnAu
mp-867163,Sr2AgPt,16.759,39.938,Sr2AgPt
mp-864898,Na2TlBi,16.745,22.587,Na2TlBi
mp-977187,La2MgTl,16.716,40.649,La2MgTl
mp-864741,Yb2TlPb,16.655,33.91,Yb2TlPb
mp-30392,Li2InAu,16.653,53.673,Li2InAu
mp-621348,TiInAu2,16.645,113.257,TiInAu2
mp-864769,LiYb2Tl,16.634,25.992,LiYb2Tl
mp-862374,CdInPd2,16.611,115.643,CdInPd2
mp-867160,LiCd2Au,16.546,64.741,LiCd2Au
mp-981234,Yb2InSn,16.544,35.777,Yb2InSn
mp-864667,NdTlAu2,16.502,69.742,NdTlAu2
mp-975896,PrNdTl2,16.497,50.892,PrNdTl2
mp-864904,HoCdAg2,16.491,73.061,HoCdAg2
mp-1022804,SrYMg6,16.441,31.352,SrYMg6
mp-973957,La2ZnAg,16.435,48.916,La2ZnAg
mp-631475,TlZn2Tc,16.375,105.795,TlZn2Tc
mp-977439,Ce2ZnPb,16.368,35.63,Ce2ZnPb
mp-31235,BaNaBi,16.323,23.376,BaNaBi
mp-867807,LiYTl2,16.305,41.8,LiYTl2
mp-979430,YLuTl2,16.293,55.052,YLuTl2
mp-979434,DyYTl2,16.268,54.087,DyYTl2
mp-2828799,RbMg6Zr,16.268,25.338,RbMg6Zr
mp-1021478,SrMg6Ti,16.23,35.604,SrMg6Ti
mp-865811,LaYbAg2,16.211,46.367,LaYbAg2
mp-973564,La2TlZn,16.18,45.039,La2TlZn
mp-864599,TbSnAu2,16.179,88.449,TbSnAu2
mp-975793,PrTmTl2,16.163,51.881,PrTmTl2
mp-865098,NaLaAu2,16.143,55.109,NaLaAu2
mp-976142,PrDyTl2,16.048,54.819,PrDyTl2
mp-974708,NdTmTl2,16.032,52.034,NdTmTl2
mp-865999,YbTlPd2,15.978,82.283,YbTlPd2
mp-862720,Sr2CdIn,15.966,26.36,Sr2CdIn
mp-865116,LiSmTl2,15.962,41.722,LiSmTl2
mp-978085,Pr2TlAg,15.917,52.072,Pr2TlAg
mp-866296,AlCuPd2,15.865,161.409,AlCuPd2
mp-866279,CaCdPd2,15.863,75.884,CaCdPd2
mp-976261,NaCa2In,15.823,24.704,NaCa2In
mp-865298,TmZnPd2,15.796,108.889,TmZnPd2
mp-865503,YCdAg2,15.786,71.324,YCdAg2
mp-862815,LiScAu2,15.743,82.368,LiScAu2
mp-862740,Sr2TlCd,15.711,25.727,Sr2TlCd
mp-861905,LiBiPd2,15.71,82.613,LiBiPd2
mp-631404,CrIrRu,15.702,181.074,CrIrRu
mp-978100,Pr2InAg,15.684,51.212,Pr2InAg
mp-29623,SrZnBi2,15.677,30.573,SrZnBi2
mp-861625,LiZnAg2,15.67,65.489,LiZnAg2
mp-864771,LiYb2Pd,15.65,33.235,LiYb2Pd
mp-865183,MgGaAg2,15.528,68.65,MgGaAg2
mp-972541,SmTmTl2,15.513,52.625,SmTmTl2
mp-1021848,KMg6V,15.503,27.035,KMg6V
mp-861878,Cd2AgRh,15.442,104.19,Cd2AgRh
mp-961688,VGaPt,15.44,136.177,VGaPt
mp-865739,YbCdAg2,15.429,53.798,YbCdAg2
mp-30344,Li2InAg,15.372,43.023,Li2InAg
mp-865995,YbSnAu2,15.34,70.05,YbSnAu2
mp-636212,GaFe2Co,15.311,157.963,GaFe2Co
mp-5491,MnAlAu2,15.261,121.118,MnAlAu2
mp-972653,SmHoTl2,15.194,52.516,SmHoTl2
mp-866287,DySnAu2,15.162,88.94,DySnAu2
mp-973256,LaMgTl2,15.15,44.465,LaMgTl2
mp-21418,MnSnPt,15.121,59.75,MnSnPt
mp-631322,KSnOs,15.074,58.658,KSnOs
mp-972455,TmLuIn2,15.051,57.35,TmLuIn2
mp-980054,YbPbAu2,14.993,62.462,YbPbAu2
mp-974523,NdErTl2,14.981,51.522,NdErTl2
mp-978543,SmErTl2,14.781,52.76,SmErTl2
mp-30758,Li2MgPb,14.747,36.254,Li2MgPb
mp-865051,NaCa2Tl,14.702,22.925,NaCa2Tl
mp-981548,YErTl2,14.644,53.212,YErTl2
mp-865737,Li2InSn,14.569,35.36,Li2InSn
mp-981933,NaPd2Pb,14.516,72.915,NaPd2Pb
mp-11977,LiSnAu,14.507,58.955,LiSnAu
mp-867167,LiCa2Tl,14.441,26.242,LiCa2Tl
mp-862745,Sr2LiPt,14.401,30.834,Sr2LiPt
mp-977568,ZrSnPd2,14.39,142.057,ZrSnPd2
mp-5538,YSnPd2,14.252,107.794,YSnPd2
mp-2987,Li2MgTl,14.225,27.001,Li2MgTl
mp-999072,Ti2AlZn,14.141,96.88,Ti2AlZn
mp-631371,TlCuIr,14.125,106.279,TlCuIr
mp-982724,HoTmTl2,14.109,53.76,HoTmTl2
mp-973153,ScAlPt2,14.097,157.156,ScAlPt2
mp-1024987,HoCu4Ag,14.049,104.289,HoCu4Ag
mp-31170,Cd2AgAu,13.904,82.477,Cd2AgAu
mp-865968,CeAlAg2,13.835,68.397,CeAlAg2
mp-975997,NaLi2Pb,13.808,22.028,NaLi2Pb
mp-29615,Ca(MnBi)2,13.621,31.174,Ca(MnBi)2
mp-30349,Li2AgPb,13.522,39.481,Li2AgPb
mp-30759,LiMg2Tl,13.48,32.073,LiMg2Tl
mp-30834,SrSn3Pd,13.412,56.392,SrSn3Pd
mp-30844,ScSnPt2,13.402,142.674,ScSnPt2
mp-866162,YMgAg2,13.385,64.686,YMgAg2
mp-22973,NaMnBi,13.384,23.646,NaMnBi
mp-865863,Li2TlPd,13.18,48.609,Li2TlPd
mp-864597,LiMgTl2,13.128,30.009,LiMgTl2
mp-974221,HoErTl2,13.122,52.564,HoErTl2
mp-980665,Zn2CuIr,13.058,158.591,Zn2CuIr
mp-867135,ScZnPd2,13.032,117.696,ScZnPd2
mp-865110,NaMgTl2,13.0,24.965,NaMgTl2
mp-962063,LaMgTl,12.985,35.592,LaMgTl
mp-981530,YbPrPd2,12.754,64.73,YbPrPd2
mp-867908,LaBiAu2,12.425,73.505,LaBiAu2
mp-862680,DyMgAg2,12.356,65.63,DyMgAg2
mp-972960,La2IrAu,12.239,86.527,La2IrAu
mp-867254,SmAgAu2,12.155,84.99,SmAgAu2
mp-865577,Li2CdAu,12.122,44.869,Li2CdAu
mp-1019105,KMgBi,12.079,19.85,KMgBi
mp-999069,Ti2AlFe,12.007,412.064,Ti2AlFe
mp-977398,TbCdAg2,11.975,71.476,TbCdAg2
mp-11304,Li2CdPb,11.955,32.005,Li2CdPb
mp-866002,YbTl2Cd,11.787,34.091,YbTl2Cd
mp-861930,LiPdAu2,11.699,102.194,LiPdAu2
mp-867803,LiCa2Cd,11.67,23.718,LiCa2Cd
mp-30403,Li2PbAu,11.552,44.376,Li2PbAu
mp-976884,PrBiPd2,11.465,88.095,PrBiPd2
mp-976236,NaCaTl2,11.459,24.373,NaCaTl2
mp-9690,Ca(AlGa)2,11.435,58.788,Ca(AlGa)2
mp-865178,Hf2IrRh,11.426,191.166,Hf2IrRh
mp-962073,KBaSn,11.023,14.567,KBaSn
mp-867266,CaMgTl2,10.983,33.477,CaMgTl2
mp-20389,Na2CdPb,10.909,23.527,Na2CdPb
mp-867260,CdAgPd2,10.784,115.666,CdAgPd2
mp-863707,KNa2Bi,10.679,16.554,KNa2Bi
mp-866007,DyMgTl2,10.569,47.333,DyMgTl2
mp-864747,HoMgTl2,10.455,47.359,HoMgTl2
mp-4901,Y2MgCu2,10.28,62.66,Y2MgCu2
mp-865987,Li2AgPd,10.22,56.116,Li2AgPd
mp-863724,InPd2Au,10.065,135.641,InPd2Au
mp-1018949,RbMnBi,9.919,15.6,RbMnBi
mp-865756,YbGaPd2,9.818,94.214,YbGaPd2
mp-862752,SmBiPd2,9.574,92.277,SmBiPd2
mp-568866,Na6ZnSn2,9.403,16.146,Na6ZnSn2
mp-977565,NdBiAu2,9.338,78.758,NdBiAu2
mp-864892,NdAgAu2,9.329,81.37,NdAgAu2
mp-30763,LiPd2Pb,9.173,81.931,LiPd2Pb
mp-975368,LiCa2Mg,9.154,20.611,LiCa2Mg
mp-972657,SmBiAu2,9.128,81.328,SmBiAu2
mp-867872,LiCdAg2,8.994,58.234,LiCdAg2
mp-865145,NaTl2Bi,8.941,27.25,NaTl2Bi
mp-974642,LiAg2Pb,8.871,47.164,LiAg2Pb
mp-962072,KYSn,8.847,26.23,KYSn
mp-30921,Y6CoBi2,8.761,56.904,Y6CoBi2
mp-773137,KCaBi,8.723,16.088,KCaBi
mp-22972,Tb6FeBi2,8.571,36.09,Tb6FeBi2
mp-30406,Li2TlAu,8.488,45.771,Li2TlAu
mp-867798,La2AgRu,8.445,71.667,La2AgRu
mp-867172,SrMgTl2,8.433,29.945,SrMgTl2
mp-631336,LaMgNb2,8.397,74.131,LaMgNb2
mp-961723,LiCaRh,8.295,42.619,LiCaRh
mp-867853,SmCdAg2,8.012,67.735,SmCdAg2
mp-865582,Li2CdPd,7.9510000000000005,50.434,Li2CdPd
mp-867882,SmCdAu2,7.809,82.573,SmCdAu2
mp-862368,Sc2NiPt,7.693,130.308,Sc2NiPt
mp-865127,NaTl2Cd,7.617,23.718,NaTl2Cd
mp-976289,NaCd2Au,7.419,49.057,NaCd2Au
mp-16501,HfAlPd2,7.228,156.936,HfAlPd2
mp-865529,Ti2NiIr,7.109,190.543,Ti2NiIr
mp-865107,NaMgPb2,7.06,15.404,NaMgPb2
mp-973561,LiCe2Ru,6.7,65.477,LiCe2Ru
mp-867862,SmMgAg2,6.665,62.849,SmMgAg2
mp-865232,TlPd2Au,6.664,124.074,TlPd2Au
mp-863759,CsK2Bi,6.6370000000000005,10.835,CsK2Bi
mp-983430,HfZnPt2,6.555,175.442,HfZnPt2
mp-30465,YBiPd2,6.461,94.378,YBiPd2
mp-980191,BaSrYb2,6.437,11.948,BaSrYb2
mp-864975,Mg2PdPt,6.267,106.503,Mg2PdPt
mp-631339,Na2LiTa,5.998,17.782,Na2LiTa
mp-866169,KTl2Bi,5.834,22.656,KTl2Bi
mp-864991,Ca2AgPb,5.626,37.203,Ca2AgPb
mp-510152,DyNiSn,5.475,22.797,DyNiSn
mp-865924,LiZrAu2,5.343,103.353,LiZrAu2
mp-20872,Sr(AlPb)2,5.34,33.025,Sr(AlPb)2
mp-972183,ZrGaPd2,5.176,146.226,ZrGaPd2
mp-978256,Mg2TlPb,4.9350000000000005,35.144,Mg2TlPb
mp-867812,LiAlNi2,4.832,117.454,LiAlNi2
mp-7882,Ba(AgSn)2,4.63,47.006,Ba(AgSn)2
mp-865871,Li2ZnAu,4.542,46.741,Li2ZnAu
mp-12801,CoCu2Sn,4.264,-105.397,CoCu2Sn
mp-631390,SrZrZn,4.064,30.597,SrZrZn
mp-867308,InCuPd2,3.839,148.622,InCuPd2
mp-867847,La2ZnRu,3.618,69.985,La2ZnRu
mp-631342,MnTcPd,3.578,139.643,MnTcPd
mp-962067,BaNaSn,3.472,18.381,BaNaSn
mp-971827,Zn2CuPt,3.265,142.949,Zn2CuPt
mp-865679,TiSnPd2,3.057,146.595,TiSnPd2
mp-979422,YGaAu2,3.029,85.925,YGaAu2
mp-867751,Ca2AgSn,2.711,39.951,Ca2AgSn
mp-866185,CeCdAu2,2.402,74.979,CeCdAu2
mp-962062,BaSrSn,2.317,20.126,BaSrSn
mp-975609,Li2TlPb,2.173,29.094,Li2TlPb
mp-631551,MnAlTc,1.572,119.44,MnAlTc
mp-977374,LiLuPd2,0.971,84.798,LiLuPd2
mp-861932,LiZnAu2,0.923,86.57,LiZnAu2
mp-631503,ZrAlW,0.641,104.983,ZrAlW
mp-961669,NbGaPt,0.506,135.124,NbGaPt
mp-867867,SmMgAu2,0.457,78.669,SmMgAu2
mp-3053,DyAlNi,0.17200000000000001,119.796,DyAlNi
mp-977562,NdCdAu2,0.078,79.109,NdCdAu2
mp-867923,ScGaPt2,0.02,151.349,ScGaPt2
