Al,B,C,Co,Cr,Cu,Fe,Hf,Mn,Mo,Nb,Ni,Re,Si,Ta,Ti,V,W,Zr,delta_S,delta_H,delta,VEC,delta_X,omega,HV,FORMULA,stability_score
0.0769230769230769,0.0,0.0,0.3076923076923077,0.0,0.0,0.3076923076923077,0.0,0.0,0.0,0.0,0.3076923076923077,0.0,0.0,0.0,0.0,0.0,0.0,0.0,10.6859,-6.0592,3.8455,8.5385,0.077,3.0064,138.0,Al0.25 Co1 Fe1 Ni1,0.979622307235778
0.1428571428571428,0.0,0.0,0.2857142857142857,0.0,0.0,0.2857142857142857,0.0,0.0,0.0,0.0,0.2857142857142857,0.0,0.0,0.0,0.0,0.0,0.0,0.0,11.2387,-9.4694,4.9728,8.1429,0.0971,1.9578,212.0,Al0.5 Co1 Fe1 Ni1,0.911246099109934
0.2,0.0,0.0,0.2666666666666666,0.0,0.0,0.2666666666666666,0.0,0.0,0.0,0.0,0.2666666666666666,0.0,0.0,0.0,0.0,0.0,0.0,0.0,11.4674,-11.9467,5.6275,7.8,0.1094,1.5375,385.0,Al0.75 Co1 Fe1 Ni1,0.8366548145305771
0.25,0.0,0.0,0.25,0.0,0.0,0.25,0.0,0.0,0.0,0.0,0.25,0.0,0.0,0.0,0.0,0.0,0.0,0.0,11.5257,-13.75,6.0434,7.5,0.1176,1.3076,456.0,Al1 Co1 Fe1 Ni1,0.7654440763694406
0.0,0.0,0.0,0.3076923076923077,0.0,0.0,0.3076923076923077,0.0,0.0,0.0,0.0,0.3076923076923077,0.0,0.0769230769230769,0.0,0.0,0.0,0.0,0.0,10.6859,-11.8343,1.8262,8.6154,0.0325,1.5916,149.0,Co1 Fe1 Ni1 Si0.25,0.8867187168179039
0.0,0.0,0.0,0.2857142857142857,0.0,0.0,0.2857142857142857,0.0,0.0,0.0,0.0,0.2857142857142857,0.0,0.1428571428571428,0.0,0.0,0.0,0.0,0.0,11.2387,-19.4286,2.3412,8.2857,0.0319,1.0165,287.0,Co1 Fe1 Ni1 Si0.5,0.8033346866150393
0.0,0.0,0.0,0.2666666666666666,0.0,0.0,0.2666666666666666,0.0,0.0,0.0,0.0,0.2666666666666666,0.0,0.2,0.0,0.0,0.0,0.0,0.0,11.4674,-24.96,2.6599,8.0,0.0314,0.8052,570.0,Co1 Fe1 Ni1 Si0.75,0.6441835032628318
0.1,0.0,0.0,0.2,0.2,0.0,0.2,0.0,0.0,0.1,0.0,0.2,0.0,0.0,0.0,0.0,0.0,0.0,0.0,14.5334,-9.36,4.8956,7.5,0.1526,2.9196,425.0,Al0.5 Co1 Cr1 Fe1 Mo0.5 Ni1,0.96735072159755
0.2499375156210947,0.0,0.0,0.1667083229192701,0.1667083229192701,0.0,0.1667083229192701,0.0,0.0,0.0832291927018245,0.0,0.1667083229192701,0.0,0.0,0.0,0.0,0.0,0.0,0.0,14.5338,-14.6084,5.9609,6.7506,0.1622,1.7136,655.0,Al1 Co0.667 Cr0.667 Fe0.667 Mo0.333 Ni0.667,0.823950983356494
0.3076923076923077,0.0,0.0,0.1538461538461538,0.1538461538461538,0.0,0.1538461538461538,0.0,0.0,0.0769230769230769,0.0,0.1538461538461538,0.0,0.0,0.0,0.0,0.0,0.0,0.0,14.2323,-15.9053,6.1686,6.4615,0.1635,1.4869,605.0,Al1 Co0.5 Cr0.5 Fe0.5 Mo0.25 Ni0.5,0.7702001838326301
0.1818181818181818,0.0,0.0,0.1818181818181818,0.1818181818181818,0.0,0.1818181818181818,0.0,0.0,0.0909090909090909,0.0,0.1818181818181818,0.0,0.0,0.0,0.0,0.0,0.0,0.0,14.6972,-12.562,5.5861,7.0909,0.159,2.0991,715.0,Al1 Co1 Cr1 Fe1 Mo0.5 Ni1,0.8953584183559121
0.0,0.0,0.0,0.2222222222222222,0.2222222222222222,0.0,0.2222222222222222,0.0,0.0,0.1111111111111111,0.0,0.2222222222222222,0.0,0.0,0.0,0.0,0.0,0.0,0.0,13.1452,-4.3457,3.4517,8.0,0.1405,6.0061,210.0,Co1 Cr1 Fe1 Mo0.5 Ni1,0.9991317972432254
0.2857142857142857,0.0,0.0,0.1428571428571428,0.1428571428571428,0.0,0.1428571428571428,0.0,0.0,0.0,0.0,0.1428571428571428,0.0,0.0,0.0,0.1428571428571428,0.0,0.0,0.0,14.5318,-23.3469,6.9895,6.1429,0.1384,1.0042,643.0,Al1 Co0.5 Cr0.5 Fe0.5 Ni0.5 Ti0.5,0.4534918964528843
0.272628135223555,0.0,0.0,0.1818429661941112,0.1818429661941112,0.0,0.1818429661941112,0.0,0.0,0.0,0.0,0.1818429661941112,0.0,0.0,0.0,0.0,0.0,0.0,0.0,13.2542,-14.2787,5.9673,6.8187,0.1247,1.4999,402.0,Al1 Co0.667 Cr0.667 Fe0.667 Ni0.667,0.7988852329504572
0.3846153846153846,0.0,0.0,0.1538461538461538,0.1538461538461538,0.0,0.1538461538461538,0.0,0.0,0.0,0.0,0.1538461538461538,0.0,0.0,0.0,0.0,0.0,0.0,0.0,12.6321,-16.0947,6.3996,6.2308,0.1272,1.1857,487.0,Al1 Co0.4 Cr0.4 Fe0.4 Ni0.4,0.6954329757346704
0.3333333333333333,0.0,0.0,0.1666666666666666,0.1666666666666666,0.0,0.1666666666666666,0.0,0.0,0.0,0.0,0.1666666666666666,0.0,0.0,0.0,0.0,0.0,0.0,0.0,12.9757,-15.4444,6.2516,6.5,0.1266,1.3097,432.0,Al1 Co0.5 Cr0.5 Fe0.5 Ni0.5,0.7357026678231344
0.4288164665523156,0.0,0.0,0.1427958833619211,0.1427958833619211,0.0,0.1427958833619211,0.0,0.0,0.0,0.0,0.1427958833619211,0.0,0.0,0.0,0.0,0.0,0.0,0.0,12.2615,-16.4093,6.4665,5.9987,0.1271,1.0978,506.0,Al1 Co0.333 Cr0.333 Fe0.333 Ni0.333,0.6723781615472015
0.2,0.0,0.0,0.2,0.2,0.0,0.2,0.0,0.0,0.0,0.0,0.2,0.0,0.0,0.0,0.0,0.0,0.0,0.0,13.3809,-12.32,5.4378,7.2,0.1206,1.829,395.0,Al1 Co1 Cr1 Fe1 Ni1,0.8809619210146633
0.2,0.0,0.0,0.0,0.2,0.2,0.2,0.0,0.0,0.0,0.0,0.2,0.0,0.0,0.0,0.0,0.0,0.0,0.0,13.3809,-4.0,5.2116,7.6,0.1242,5.359,342.0,Al1 Cr1 Cu1 Fe1 Ni1,0.9789034240492462
0.0,0.0,0.0,0.2,0.2,0.2,0.2,0.0,0.0,0.0,0.0,0.2,0.0,0.0,0.0,0.0,0.0,0.0,0.0,13.3809,3.2,1.2678,8.8,0.0922,7.3971,286.0,Co1 Cr1 Cu1 Fe1 Ni1,0.9966819736229529
0.0,0.0,0.0,0.0,0.2,0.2,0.2,0.0,0.2,0.0,0.0,0.2,0.0,0.0,0.0,0.0,0.0,0.0,0.0,13.3809,2.72,1.1822,8.4,0.1418,8.4575,296.0,Cr1 Cu1 Fe1 Mn1 Ni1,0.9979394237523528
0.0,0.0,0.0,0.0,0.2,0.2,0.2,0.0,0.0,0.2,0.0,0.2,0.0,0.0,0.0,0.0,0.0,0.0,0.0,13.3809,4.64,4.0429,8.2,0.1612,5.752,263.0,Cr1 Cu1 Fe1 Mo1 Ni1,0.9846417118762916
0.196078431372549,0.0,0.0,0.196078431372549,0.196078431372549,0.0,0.196078431372549,0.0,0.0,0.0,0.0196078431372549,0.196078431372549,0.0,0.0,0.0,0.0,0.0,0.0,0.0,13.9209,-13.318,5.6636,7.1569,0.1219,1.7821,569.0,Al1 Co1 Cr1 Fe1 Nb0.1 Ni1,0.8608032417705085
0.1904761904761904,0.0,0.0,0.1904761904761904,0.1904761904761904,0.0,0.1904761904761904,0.0,0.0,0.0,0.0476190476190476,0.1904761904761904,0.0,0.0,0.0,0.0,0.0,0.0,0.0,14.3353,-14.6576,5.949,7.0952,0.1236,1.6966,668.0,Al1 Co1 Cr1 Fe1 Nb0.25 Ni1,0.8235280377612322
0.1818181818181818,0.0,0.0,0.1818181818181818,0.1818181818181818,0.0,0.1818181818181818,0.0,0.0,0.0,0.0909090909090909,0.1818181818181818,0.0,0.0,0.0,0.0,0.0,0.0,0.0,14.6972,-16.5289,6.3171,7.0,0.1258,1.5835,747.0,Al1 Co1 Cr1 Fe1 Nb0.5 Ni1,0.7584160907531768
0.2,0.0,0.0,0.2,0.2,0.0,0.2,0.0,0.0,0.0,0.0,0.2,0.0,0.0,0.0,0.0,0.0,0.0,0.0,13.3809,-12.32,5.4378,7.2,0.1206,1.829,520.0,Al1 Co1 Cr1 Fe1 Ni1,0.8809619210146633
0.1379310344827586,0.0,0.0,0.1724137931034483,0.1724137931034483,0.1724137931034483,0.1724137931034483,0.0,0.0,0.0,0.0,0.1724137931034483,0.0,0.0,0.0,0.0,0.0,0.0,0.0,14.8707,-3.6147,4.6535,8.0,0.1158,6.8031,270.0,Al0.8 Co1 Cr1 Cu1 Fe1 Ni1,0.9929369903125485
0.2,0.0,0.0,0.1,0.2,0.0,0.2,0.0,0.0,0.1,0.0,0.2,0.0,0.0,0.0,0.0,0.0,0.0,0.0,14.5334,-13.08,5.6909,6.9,0.1652,1.9965,801.0,Al1 Co0.5 Cr1 Fe1 Mo0.5 Ni1,0.8787469467416128
0.1667083229192701,0.0,0.0,0.2499375156210947,0.1667083229192701,0.0,0.1667083229192701,0.0,0.0,0.0832291927018245,0.0,0.1667083229192701,0.0,0.0,0.0,0.0,0.0,0.0,0.0,14.5338,-12.0284,5.4744,7.2499,0.1533,2.1651,741.0,Al0.667 Co1 Cr0.667 Fe0.667 Mo0.333 Ni0.667,0.90774828074659
0.1538461538461538,0.0,0.0,0.3076923076923077,0.1538461538461538,0.0,0.1538461538461538,0.0,0.0,0.0769230769230769,0.0,0.1538461538461538,0.0,0.0,0.0,0.0,0.0,0.0,0.0,14.2323,-11.503,5.3612,7.3846,0.1482,2.2149,586.0,Al0.5 Co1 Cr0.5 Fe0.5 Mo0.25 Ni0.5,0.917551741295412
0.1818181818181818,0.0,0.0,0.1818181818181818,0.1818181818181818,0.0,0.1818181818181818,0.0,0.0,0.0909090909090909,0.0,0.1818181818181818,0.0,0.0,0.0,0.0,0.0,0.0,0.0,14.6972,-12.562,5.5861,7.0909,0.159,2.0991,796.0,Al1 Co1 Cr1 Fe1 Mo0.5 Ni1,0.8953584183559121
0.1818181818181818,0.0,0.0,0.1818181818181818,0.1818181818181818,0.0,0.1818181818181818,0.0,0.0,0.0909090909090909,0.0,0.1818181818181818,0.0,0.0,0.0,0.0,0.0,0.0,0.0,14.6972,-12.562,5.5861,7.0909,0.159,2.0991,755.0,Al1 Co1 Cr1 Fe1 Mo0.5 Ni1,0.8953584183559121
0.196078431372549,0.0,0.0,0.196078431372549,0.196078431372549,0.0,0.1176470588235294,0.0,0.0,0.0980392156862745,0.0,0.196078431372549,0.0,0.0,0.0,0.0,0.0,0.0,0.0,14.6101,-13.6255,5.7144,7.0196,0.165,1.9224,754.0,Al1 Co1 Cr1 Fe0.6 Mo0.5 Ni1,0.8701346133495182
0.1667083229192701,0.0,0.0,0.1667083229192701,0.1667083229192701,0.0,0.2499375156210947,0.0,0.0,0.0832291927018245,0.0,0.1667083229192701,0.0,0.0,0.0,0.0,0.0,0.0,0.0,14.5338,-11.4457,5.4327,7.1667,0.1523,2.2798,635.0,Al0.667 Co0.667 Cr0.667 Fe1 Mo0.333 Ni0.667,0.9181390326344538
0.1538461538461538,0.0,0.0,0.1538461538461538,0.1538461538461538,0.0,0.3076923076923077,0.0,0.0,0.0769230769230769,0.0,0.1538461538461538,0.0,0.0,0.0,0.0,0.0,0.0,0.0,14.2323,-10.5089,5.2878,7.2308,0.1464,2.4334,639.0,Al0.5 Co0.5 Cr0.5 Fe1 Mo0.25 Ni0.5,0.9346265431124836
0.2222222222222222,0.0,0.0,0.2222222222222222,0.2222222222222222,0.0,0.2222222222222222,0.0,0.0,0.1111111111111111,0.0,0.0,0.0,0.0,0.0,0.0,0.0,0.0,0.0,13.1452,-11.9506,5.6148,6.4444,0.1683,1.9897,857.0,Al1 Co1 Cr1 Fe1 Mo0.5,0.8842297341335773
0.1818181818181818,0.0,0.0,0.1818181818181818,0.1818181818181818,0.0,0.1818181818181818,0.0,0.0,0.0909090909090909,0.0,0.1818181818181818,0.0,0.0,0.0,0.0,0.0,0.0,0.0,14.6972,-12.562,5.5861,7.0909,0.159,2.0991,730.0,Al1 Co1 Cr1 Fe1 Mo0.5 Ni1,0.8953584183559121
0.2,0.0,0.0,0.2,0.2,0.0,0.2,0.0,0.0,0.1,0.0,0.1,0.0,0.0,0.0,0.0,0.0,0.0,0.0,14.5334,-12.44,5.6229,6.8,0.1636,2.1038,708.0,Al1 Co1 Cr1 Fe1 Mo0.5 Ni0.5,0.8930038622586287
0.1667083229192701,0.0,0.0,0.1667083229192701,0.1667083229192701,0.0,0.1667083229192701,0.0,0.0,0.0832291927018245,0.0,0.2499375156210947,0.0,0.0,0.0,0.0,0.0,0.0,0.0,14.5338,-12.4723,5.5241,7.3332,0.1545,2.0842,586.0,Al0.667 Co0.667 Cr0.667 Fe0.667 Mo0.333 Ni1,0.8984365537924272
0.1538461538461538,0.0,0.0,0.1538461538461538,0.1538461538461538,0.0,0.1538461538461538,0.0,0.0,0.0769230769230769,0.0,0.3076923076923077,0.0,0.0,0.0,0.0,0.0,0.0,0.0,14.2323,-12.2604,5.4483,7.5385,0.1504,2.0709,395.0,Al0.5 Co0.5 Cr0.5 Fe0.5 Mo0.25 Ni1,0.9020373699426838
0.1818181818181818,0.0,0.0,0.1818181818181818,0.1818181818181818,0.0,0.1818181818181818,0.0,0.0,0.0,0.0,0.1818181818181818,0.0,0.0,0.0,0.0909090909090909,0.0,0.0,0.0,14.6972,-17.9174,6.4437,6.9091,0.1338,1.4005,178.0,Al1 Co1 Cr1 Fe1 Ni1 Ti0.5,0.7134304710262798
0.125,0.0,0.0,0.125,0.125,0.0,0.125,0.0,0.0,0.0,0.0,0.125,0.0,0.0,0.0,0.125,0.125,0.0,0.125,17.2885,-26.75,8.9341,6.125,0.182,1.1853,780.0,Al1 Co1 Cr1 Fe1 Ni1 Ti1 V1 Zr1,0.3407226354618252
0.1428571428571428,0.0,0.0,0.1428571428571428,0.0,0.0,0.1428571428571428,0.0,0.0,0.0,0.0,0.1428571428571428,0.0,0.0,0.0,0.1428571428571428,0.1428571428571428,0.0,0.1428571428571428,16.1783,-31.4286,9.1833,6.1429,0.1945,0.9186,790.0,Al1 Co1 Fe1 Ni1 Ti1 V1 Zr1,0.3033341777375106
0.1666666666666666,0.0,0.0,0.0,0.0,0.0,0.1666666666666666,0.0,0.0,0.0,0.0,0.1666666666666666,0.0,0.0,0.0,0.1666666666666666,0.1666666666666666,0.0,0.1666666666666666,14.8967,-31.3333,9.0048,5.6667,0.1898,0.8497,800.0,Al1 Fe1 Ni1 Ti1 V1 Zr1,0.2953717579641071
0.0,0.0,0.0,0.125,0.125,0.125,0.125,0.0,0.0,0.0,0.0,0.125,0.0,0.0,0.0,0.125,0.125,0.0,0.125,17.2885,-16.75,8.994,7.125,0.1942,1.9478,680.0,Co1 Cr1 Cu1 Fe1 Ni1 Ti1 V1 Zr1,0.5754698528160024
0.0,0.0,0.0,0.125,0.125,0.0,0.125,0.0,0.0,0.125,0.0,0.125,0.0,0.0,0.0,0.125,0.125,0.0,0.125,17.2885,-18.8125,8.802,6.5,0.2397,1.9109,850.0,Co1 Cr1 Fe1 Mo1 Ni1 Ti1 V1 Zr1,0.5682795880077346
0.0,0.0,0.0,0.1428571428571428,0.0,0.1428571428571428,0.1428571428571428,0.0,0.0,0.0,0.0,0.1428571428571428,0.0,0.0,0.0,0.1428571428571428,0.1428571428571428,0.0,0.1428571428571428,16.1783,-20.1633,9.3832,7.2857,0.2066,1.4806,630.0,Co1 Cu1 Fe1 Ni1 Ti1 V1 Zr1,0.5043568588857851
0.0,0.0,0.0,0.1428571428571428,0.0,0.0,0.1428571428571428,0.0,0.0,0.1428571428571428,0.0,0.1428571428571428,0.0,0.0,0.0,0.1428571428571428,0.1428571428571428,0.0,0.1428571428571428,16.1783,-21.8776,9.078,6.5714,0.254,1.5271,790.0,Co1 Fe1 Mo1 Ni1 Ti1 V1 Zr1,0.4612465429307165
0.0,0.0,0.0,0.0,0.0,0.1666666666666666,0.1666666666666666,0.0,0.0,0.0,0.0,0.1666666666666666,0.0,0.0,0.0,0.1666666666666666,0.1666666666666666,0.0,0.1666666666666666,14.8967,-18.7778,9.4932,7.0,0.2113,1.4741,590.0,Cu1 Fe1 Ni1 Ti1 V1 Zr1,0.5181715537549885
0.0,0.0,0.0,0.0,0.0,0.0,0.1666666666666666,0.0,0.0,0.1666666666666666,0.0,0.1666666666666666,0.0,0.0,0.0,0.1666666666666666,0.1666666666666666,0.0,0.1666666666666666,14.8967,-19.8889,8.9579,6.1667,0.2687,1.5838,740.0,Fe1 Mo1 Ni1 Ti1 V1 Zr1,0.5227535822842789
0.0196078431372549,0.0,0.0,0.196078431372549,0.196078431372549,0.0,0.196078431372549,0.0,0.196078431372549,0.0,0.0,0.196078431372549,0.0,0.0,0.0,0.0,0.0,0.0,0.0,13.9209,-5.2441,2.1701,7.902,0.1387,4.7362,180.0,Al0.1 Co1 Cr1 Fe1 Mn1 Ni1,0.9984587060986616
0.0384615384615384,0.0,0.0,0.1923076923076923,0.1923076923076923,0.0,0.1923076923076923,0.0,0.1923076923076923,0.0,0.0,0.1923076923076923,0.0,0.0,0.0,0.0,0.0,0.0,0.0,14.2216,-6.2426,2.8039,7.8077,0.139,4.0273,171.0,Al0.2 Co1 Cr1 Fe1 Mn1 Ni1,0.9955402007170852
0.070631970260223,0.0,0.0,0.1858736059479554,0.1858736059479554,0.0,0.1858736059479554,0.0,0.1858736059479554,0.0,0.0,0.1858736059479554,0.0,0.0,0.0,0.0,0.0,0.0,0.0,14.5581,-7.8468,3.588,7.6468,0.1392,3.228,182.0,Al0.38 Co1 Cr1 Fe1 Mn1 Ni1,0.985341133367979
0.0791896869244935,0.0,0.0,0.1841620626151013,0.1841620626151013,0.0,0.1841620626151013,0.0,0.1841620626151013,0.0,0.0,0.1841620626151013,0.0,0.0,0.0,0.0,0.0,0.0,0.0,14.6224,-8.2524,3.759,7.6041,0.1393,3.0697,183.0,Al0.43 Co1 Cr1 Fe1 Mn1 Ni1,0.9814788266567204
0.0892531876138433,0.0,0.0,0.1821493624772313,0.1821493624772313,0.0,0.1821493624772313,0.0,0.1821493624772313,0.0,0.0,0.1821493624772313,0.0,0.0,0.0,0.0,0.0,0.0,0.0,14.6875,-8.718,3.9455,7.5537,0.1393,2.904,220.0,Al0.49 Co1 Cr1 Fe1 Mn1 Ni1,0.9763597569976648
0.1007194244604316,0.0,0.0,0.1798561151079136,0.1798561151079136,0.0,0.1798561151079136,0.0,0.1798561151079136,0.0,0.0,0.1798561151079136,0.0,0.0,0.0,0.0,0.0,0.0,0.0,14.749,-9.2335,4.1414,7.4964,0.1394,2.7375,278.0,Al0.56 Co1 Cr1 Fe1 Mn1 Ni1,0.969812370499382
0.1103202846975088,0.0,0.0,0.1779359430604982,0.1779359430604982,0.0,0.1779359430604982,0.0,0.1779359430604982,0.0,0.0,0.1779359430604982,0.0,0.0,0.0,0.0,0.0,0.0,0.0,14.7912,-9.6529,4.2936,7.4484,0.1394,2.6132,405.0,Al0.62 Co1 Cr1 Fe1 Mn1 Ni1,0.9637807581761646
0.1197183098591549,0.0,0.0,0.176056338028169,0.176056338028169,0.0,0.176056338028169,0.0,0.176056338028169,0.0,0.0,0.176056338028169,0.0,0.0,0.0,0.0,0.0,0.0,0.0,14.8249,-10.0526,4.4332,7.4014,0.1393,2.503,486.0,Al0.68 Co1 Cr1 Fe1 Mn1 Ni1,0.957435336446423
0.1304347826086956,0.0,0.0,0.1739130434782608,0.1739130434782608,0.0,0.1739130434782608,0.0,0.1739130434782608,0.0,0.0,0.1739130434782608,0.0,0.0,0.0,0.0,0.0,0.0,0.0,14.8548,-10.4953,4.5822,7.3478,0.1393,2.3891,530.0,Al0.75 Co1 Cr1 Fe1 Mn1 Ni1,0.9496981568100504
0.1394148020654044,0.0,0.0,0.1721170395869191,0.1721170395869191,0.0,0.1721170395869191,0.0,0.1721170395869191,0.0,0.0,0.1721170395869191,0.0,0.0,0.0,0.0,0.0,0.0,0.0,14.8734,-10.8555,4.6996,7.3029,0.1393,2.302,539.0,Al0.81 Co1 Cr1 Fe1 Mn1 Ni1,0.9428251805943202
0.1496598639455782,0.0,0.0,0.1700680272108843,0.1700680272108843,0.0,0.1700680272108843,0.0,0.1700680272108843,0.0,0.0,0.1700680272108843,0.0,0.0,0.0,0.0,0.0,0.0,0.0,14.8878,-11.2546,4.8257,7.2517,0.1392,2.2108,533.0,Al0.88 Co1 Cr1 Fe1 Mn1 Ni1,0.9345845406455592
0.1596638655462184,0.0,0.0,0.1680672268907563,0.1680672268907563,0.0,0.1680672268907563,0.0,0.1680672268907563,0.0,0.0,0.1680672268907563,0.0,0.0,0.0,0.0,0.0,0.0,0.0,14.8952,-11.6319,4.9416,7.2017,0.1391,2.129,535.0,Al0.95 Co1 Cr1 Fe1 Mn1 Ni1,0.9261360532621506
0.2,0.0,0.0,0.16,0.16,0.0,0.16,0.0,0.16,0.0,0.0,0.16,0.0,0.0,0.0,0.0,0.0,0.0,0.0,14.865,-13.0304,5.3452,7.0,0.1386,1.8567,539.0,Al1 Co0.8 Cr0.8 Fe0.8 Mn0.8 Ni0.8,0.8885345267167838
0.0,0.0,0.0,0.2,0.2,0.0,0.2,0.0,0.2,0.0,0.0,0.2,0.0,0.0,0.0,0.0,0.0,0.0,0.0,13.3809,-4.16,1.1224,8.0,0.1384,5.7937,176.0,Co1 Cr1 Fe1 Mn1 Ni1,0.9996855416262516
0.0,0.0,0.0,0.2,0.2,0.0,0.2,0.0,0.2,0.0,0.0,0.2,0.0,0.0,0.0,0.0,0.0,0.0,0.0,13.3809,-4.16,1.1224,8.0,0.1384,5.7937,144.0,Co1 Cr1 Fe1 Mn1 Ni1,0.9996855416262516
0.0,0.0,0.0,0.1904761904761904,0.1904761904761904,0.0,0.1904761904761904,0.0,0.1904761904761904,0.0,0.0,0.1904761904761904,0.0,0.0,0.0,0.0,0.0476190476190476,0.0,0.0,14.3353,-5.2971,1.7349,7.8571,0.1381,4.9238,151.0,Co1 Cr1 Fe1 Mn1 Ni1 V0.25,0.998852116115298
0.0,0.0,0.0,0.1818181818181818,0.1818181818181818,0.0,0.1818181818181818,0.0,0.1818181818181818,0.0,0.0,0.1818181818181818,0.0,0.0,0.0,0.0,0.0909090909090909,0.0,0.0,14.6972,-6.2149,2.1037,7.7273,0.1376,4.3416,186.0,Co1 Cr1 Fe1 Mn1 Ni1 V0.5,0.997270793272542
0.0,0.0,0.0,0.1739130434782608,0.1739130434782608,0.0,0.1739130434782608,0.0,0.1739130434782608,0.0,0.0,0.1739130434782608,0.0,0.0,0.0,0.0,0.1304347826086956,0.0,0.0,14.8548,-6.9565,2.3611,7.6087,0.1369,3.9526,342.0,Co1 Cr1 Fe1 Mn1 Ni1 V0.75,0.9951430600352256
0.0,0.0,0.0,0.1666666666666666,0.1666666666666666,0.0,0.1666666666666666,0.0,0.1666666666666666,0.0,0.0,0.1666666666666666,0.0,0.0,0.0,0.0,0.1666666666666666,0.0,0.0,14.8967,-7.5556,2.5515,7.5,0.1361,3.6767,650.0,Co1 Cr1 Fe1 Mn1 Ni1 V1,0.9927072995109066
0.069759330310429,0.0,0.0,0.0,0.2326473665852808,0.0,0.3487966515521451,0.0,0.2326473665852808,0.0,0.0,0.1161492849668643,0.0,0.0,0.0,0.0,0.0,0.0,0.0,12.3187,-5.5032,3.4201,7.1856,0.1297,3.9353,297.0,Al0.2 Cr0.667 Fe1 Mn0.667 Ni0.333,0.994487104973045
0.111,0.0,0.0,0.0,0.2223333333333333,0.0,0.3333333333333333,0.0,0.2223333333333333,0.0,0.0,0.111,0.0,0.0,0.0,0.0,0.0,0.0,0.0,12.6606,-7.2527,4.1377,7.0,0.1288,3.005,396.0,Al0.333 Cr0.667 Fe1 Mn0.667 Ni0.333,0.9784719921301492
0.25,0.0,0.0,0.0,0.25,0.0,0.25,0.0,0.0,0.0,0.0,0.25,0.0,0.0,0.0,0.0,0.0,0.0,0.0,11.5257,-13.25,5.755,6.75,0.1221,1.4466,472.0,Al1 Cr1 Fe1 Ni1,0.8149482242180095
0.2,0.0,0.0,0.0,0.2,0.0,0.2,0.0,0.0,0.2,0.0,0.2,0.0,0.0,0.0,0.0,0.0,0.0,0.0,13.3809,-13.44,5.7296,6.6,0.1962,1.9012,905.0,Al1 Cr1 Fe1 Mo1 Ni1,0.8668429841018489
0.238095238095238,0.0,0.0,0.0,0.238095238095238,0.0,0.238095238095238,0.0,0.0,0.0476190476190476,0.0,0.238095238095238,0.0,0.0,0.0,0.0,0.0,0.0,0.0,12.5685,-13.424,5.7771,6.7143,0.1474,1.612,549.0,Al1 Cr1 Fe1 Mo0.2 Ni1,0.8324654617230275
0.2222222222222222,0.0,0.0,0.0,0.2222222222222222,0.0,0.2222222222222222,0.0,0.0,0.1111111111111111,0.0,0.2222222222222222,0.0,0.0,0.0,0.0,0.0,0.0,0.0,13.1452,-13.5309,5.779,6.6667,0.1722,1.7487,622.0,Al1 Cr1 Fe1 Mo0.5 Ni1,0.8472053947552111
0.2083333333333333,0.0,0.0,0.0,0.2083333333333333,0.0,0.2083333333333333,0.0,0.0,0.1666666666666666,0.0,0.2083333333333333,0.0,0.0,0.0,0.0,0.0,0.0,0.0,13.3507,-13.5069,5.7552,6.625,0.1884,1.8469,854.0,Al1 Cr1 Fe1 Mo0.8 Ni1,0.859348087824296
0.0,0.0,0.0,0.2222222222222222,0.2222222222222222,0.1111111111111111,0.2222222222222222,0.0,0.0,0.0,0.0,0.2222222222222222,0.0,0.0,0.0,0.0,0.0,0.0,0.0,13.1452,0.4938,1.2409,8.5556,0.0946,48.3047,172.0,Co1 Cr1 Cu0.5 Fe1 Ni1,0.9997684640956
0.087719298245614,0.0350877192982456,0.0,0.175438596491228,0.175438596491228,0.175438596491228,0.175438596491228,0.0,0.0,0.0,0.0,0.175438596491228,0.0,0.0,0.0,0.0,0.0,0.0,0.0,15.4453,-4.3952,7.1221,8.0877,0.1151,6.0303,415.0,Al0.5 B0.2 Co1 Cr1 Cu1 Fe1 Ni1,0.7409026720514564
0.0819672131147541,0.0983606557377049,0.0,0.1639344262295082,0.1639344262295082,0.1639344262295082,0.1639344262295082,0.0,0.0,0.0,0.0,0.1639344262295082,0.0,0.0,0.0,0.0,0.0,0.0,0.0,15.9242,-9.0406,10.5458,7.7541,0.1235,3.0957,505.0,Al0.5 B0.6 Co1 Cr1 Cu1 Fe1 Ni1,0.6334290964595414
0.0769230769230769,0.1538461538461538,0.0,0.1538461538461538,0.1538461538461538,0.1538461538461538,0.1538461538461538,0.0,0.0,0.0,0.0,0.1538461538461538,0.0,0.0,0.0,0.0,0.0,0.0,0.0,16.0055,-12.5444,12.6916,7.4615,0.1291,2.2889,736.0,Al0.5 B1 Co1 Cr1 Cu1 Fe1 Ni1,0.5996285640053708
0.0909090909090909,0.0,0.0,0.1818181818181818,0.1818181818181818,0.1818181818181818,0.1818181818181818,0.0,0.0,0.0,0.0,0.1818181818181818,0.0,0.0,0.0,0.0,0.0,0.0,0.0,14.6972,-1.5207,3.9654,8.2727,0.1093,16.3628,300.0,Al0.5 Co1 Cr1 Cu1 Fe1 Ni1,0.9981776334417634
0.0909090909090909,0.0,0.0,0.1818181818181818,0.1818181818181818,0.1818181818181818,0.1818181818181818,0.0,0.0,0.0,0.0,0.1818181818181818,0.0,0.0,0.0,0.0,0.0,0.0,0.0,14.6972,-1.5207,3.9654,8.2727,0.1093,16.3628,225.0,Al0.5 Co1 Cr1 Cu1 Fe1 Ni1,0.9981776334417634
0.0769230769230769,0.0,0.0,0.1538461538461538,0.1538461538461538,0.1538461538461538,0.1538461538461538,0.0,0.0,0.0,0.0,0.1538461538461538,0.0,0.0,0.0,0.1538461538461538,0.0,0.0,0.0,16.0055,-11.5976,6.4045,7.6154,0.1414,2.3891,636.0,Al0.5 Co1 Cr1 Cu1 Fe1 Ni1 Ti1,0.8145571413087924
0.087719298245614,0.0,0.0,0.175438596491228,0.175438596491228,0.175438596491228,0.175438596491228,0.0,0.0,0.0,0.0,0.175438596491228,0.0,0.0,0.0,0.0350877192982456,0.0,0.0,0.0,15.4453,-4.149,4.7582,8.1228,0.1188,6.3349,272.0,Al0.5 Co1 Cr1 Cu1 Fe1 Ni1 Ti0.2,0.9912811336072536
0.0847457627118644,0.0,0.0,0.1694915254237288,0.1694915254237288,0.1694915254237288,0.1694915254237288,0.0,0.0,0.0,0.0,0.1694915254237288,0.0,0.0,0.0,0.0677966101694915,0.0,0.0,0.0,15.7618,-6.4234,5.335,7.9831,0.1262,4.1955,321.0,Al0.5 Co1 Cr1 Cu1 Fe1 Ni1 Ti0.4,0.970839073675589
0.0819672131147541,0.0,0.0,0.1639344262295082,0.1639344262295082,0.1639344262295082,0.1639344262295082,0.0,0.0,0.0,0.0,0.1639344262295082,0.0,0.0,0.0,0.0983606557377049,0.0,0.0,0.0,15.9242,-8.3956,5.7768,7.8525,0.1323,3.2574,458.0,Al0.5 Co1 Cr1 Cu1 Fe1 Ni1 Ti0.6,0.9302007948806738
0.0793650793650793,0.0,0.0,0.1587301587301587,0.1587301587301587,0.1587301587301587,0.1587301587301587,0.0,0.0,0.0,0.0,0.1587301587301587,0.0,0.0,0.0,0.126984126984127,0.0,0.0,0.0,15.9953,-10.1083,6.125,7.7302,0.1373,2.7288,590.0,Al0.5 Co1 Cr1 Cu1 Fe1 Ni1 Ti0.8,0.8744112441914488
0.0747044070225725,0.0,0.0,0.1492296667860981,0.1492296667860981,0.1492296667860981,0.1492296667860981,0.0,0.0,0.0,0.0,0.1492296667860981,0.0,0.0,0.0,0.1791472590469366,0.0,0.0,0.0,15.9731,-12.8996,6.6319,7.5068,0.1448,2.1513,646.0,Al0.417 Co0.833 Cr0.833 Cu0.833 Fe0.833 Ni0.833 Ti1,0.7594728966120956
0.0724578851227927,0.0,0.0,0.1449157702455855,0.1449157702455855,0.1449157702455855,0.1449157702455855,0.0,0.0,0.0,0.0,0.1449157702455855,0.0,0.0,0.0,0.2029632636492795,0.0,0.0,0.0,15.9085,-14.0252,6.8172,7.4055,0.1476,1.9774,664.0,Al0.357 Co0.714 Cr0.714 Cu0.714 Fe0.714 Ni0.714 Ti1,0.7135113048979609
0.0703177822853279,0.0,0.0,0.1408609420779806,0.1408609420779806,0.1408609420779806,0.1408609420779806,0.0,0.0,0.0,0.0,0.1408609420779806,0.0,0.0,0.0,0.2253775073247689,0.0,0.0,0.0,15.8208,-15.0013,6.9689,7.3103,0.15,1.8445,657.0,Al0.312 Co0.625 Cr0.625 Cu0.625 Fe0.625 Ni0.625 Ti1,0.6767679403700116
0.0685066535239034,0.0,0.0,0.1370133070478068,0.1370133070478068,0.1370133070478068,0.1370133070478068,0.0,0.0,0.0,0.0,0.1370133070478068,0.0,0.0,0.0,0.2464268112370626,0.0,0.0,0.0,15.7177,-15.8546,7.0935,7.2198,0.152,1.739,667.0,Al0.278 Co0.556 Cr0.556 Cu0.556 Fe0.556 Ni0.556 Ti1,0.6476934370116121
0.0666666666666666,0.0,0.0,0.1333333333333333,0.1333333333333333,0.1333333333333333,0.1333333333333333,0.0,0.0,0.0,0.0,0.1333333333333333,0.0,0.0,0.0,0.2666666666666666,0.0,0.0,0.0,15.5993,-16.6044,7.1974,7.1333,0.1536,1.6526,696.0,Al0.25 Co0.5 Cr0.5 Cu0.5 Fe0.5 Ni0.5 Ti1,0.6243059456485682
0.0909090909090909,0.0,0.0,0.1818181818181818,0.1818181818181818,0.1818181818181818,0.1818181818181818,0.0,0.0,0.0,0.0,0.1818181818181818,0.0,0.0,0.0,0.0,0.0,0.0,0.0,14.6972,-1.5207,3.9654,8.2727,0.1093,16.3628,215.0,Al0.5 Co1 Cr1 Cu1 Fe1 Ni1,0.9981776334417634
0.087719298245614,0.0,0.0,0.175438596491228,0.175438596491228,0.175438596491228,0.175438596491228,0.0,0.0,0.0,0.0,0.175438596491228,0.0,0.0,0.0,0.0,0.0350877192982456,0.0,0.0,15.4453,-2.4992,3.9918,8.1579,0.1127,10.569,204.0,Al0.5 Co1 Cr1 Cu1 Fe1 Ni1 V0.2,0.9980993874534404
0.0847457627118644,0.0,0.0,0.1694915254237288,0.1694915254237288,0.1694915254237288,0.1694915254237288,0.0,0.0,0.0,0.0,0.1694915254237288,0.0,0.0,0.0,0.0,0.0677966101694915,0.0,0.0,15.7618,-3.3439,4.0094,8.0508,0.1154,8.1368,231.0,Al0.5 Co1 Cr1 Cu1 Fe1 Ni1 V0.4,0.9980296085207536
0.0819672131147541,0.0,0.0,0.1639344262295082,0.1639344262295082,0.1639344262295082,0.1639344262295082,0.0,0.0,0.0,0.0,0.1639344262295082,0.0,0.0,0.0,0.0,0.0983606557377049,0.0,0.0,15.9242,-4.0742,4.02,7.9508,0.1176,6.8056,328.0,Al0.5 Co1 Cr1 Cu1 Fe1 Ni1 V0.6,0.9979323879539396
0.0793650793650793,0.0,0.0,0.1587301587301587,0.1587301587301587,0.1587301587301587,0.1587301587301587,0.0,0.0,0.0,0.0,0.1587301587301587,0.0,0.0,0.0,0.0,0.126984126984127,0.0,0.0,15.9953,-4.7065,4.0247,7.8571,0.1194,5.9652,447.0,Al0.5 Co1 Cr1 Cu1 Fe1 Ni1 V0.8,0.997745075946068
0.0769230769230769,0.0,0.0,0.1538461538461538,0.1538461538461538,0.1538461538461538,0.1538461538461538,0.0,0.0,0.0,0.0,0.1538461538461538,0.0,0.0,0.0,0.0,0.1538461538461538,0.0,0.0,16.0055,-5.2544,4.0248,7.7692,0.1208,5.3866,639.0,Al0.5 Co1 Cr1 Cu1 Fe1 Ni1 V1,0.9974184863397496
0.0747044070225725,0.0,0.0,0.1492296667860981,0.1492296667860981,0.1492296667860981,0.1492296667860981,0.0,0.0,0.0,0.0,0.1492296667860981,0.0,0.0,0.0,0.0,0.1791472590469366,0.0,0.0,15.9731,-5.734,4.0221,7.686,0.1219,4.9605,579.0,Al0.417 Co0.833 Cr0.833 Cu0.833 Fe0.833 Ni0.833 V1,0.9969268276073564
0.0724578851227927,0.0,0.0,0.1449157702455855,0.1449157702455855,0.1449157702455855,0.1449157702455855,0.0,0.0,0.0,0.0,0.1449157702455855,0.0,0.0,0.0,0.0,0.2029632636492795,0.0,0.0,15.9085,-6.1426,4.0139,7.6085,0.1228,4.6422,577.0,Al0.357 Co0.714 Cr0.714 Cu0.714 Fe0.714 Ni0.714 V1,0.9963101308495834
0.0703177822853279,0.0,0.0,0.1408609420779806,0.1408609420779806,0.1408609420779806,0.1408609420779806,0.0,0.0,0.0,0.0,0.1408609420779806,0.0,0.0,0.0,0.0,0.2253775073247689,0.0,0.0,15.8208,-6.4945,4.0029,7.5357,0.1235,4.3934,594.0,Al0.312 Co0.625 Cr0.625 Cu0.625 Fe0.625 Ni0.625 V1,0.9955823790662124
0.0685066535239034,0.0,0.0,0.1370133070478068,0.1370133070478068,0.1370133070478068,0.1370133070478068,0.0,0.0,0.0,0.0,0.1370133070478068,0.0,0.0,0.0,0.0,0.2464268112370626,0.0,0.0,15.7177,-6.806,3.9925,7.4662,0.1241,4.1887,597.0,Al0.278 Co0.556 Cr0.556 Cu0.556 Fe0.556 Ni0.556 V1,0.9947370544244843
0.0666666666666666,0.0,0.0,0.1333333333333333,0.1333333333333333,0.1333333333333333,0.1333333333333333,0.0,0.0,0.0,0.0,0.1333333333333333,0.0,0.0,0.0,0.0,0.2666666666666666,0.0,0.0,15.5993,-7.0756,3.9787,7.4,0.1245,4.0206,587.0,Al0.25 Co0.5 Cr0.5 Cu0.5 Fe0.5 Ni0.5 V1,0.99383349358902
0.1666666666666666,0.0,0.0,0.1666666666666666,0.1666666666666666,0.1666666666666666,0.1666666666666666,0.0,0.0,0.0,0.0,0.1666666666666666,0.0,0.0,0.0,0.0,0.0,0.0,0.0,14.8967,-4.7778,4.9838,7.8333,0.1191,5.0812,472.0,Al1 Co1 Cr1 Cu1 Fe1 Ni1,0.985821163820112
0.2,0.0,0.0,0.2,0.0,0.2,0.2,0.0,0.0,0.0,0.0,0.2,0.0,0.0,0.0,0.0,0.0,0.0,0.0,13.3809,-5.28,5.4378,8.2,0.1115,3.8511,578.0,Al1 Co1 Cu1 Fe1 Nd1 Ni1,0.9632483125520362
0.2,0.0,0.0,0.2,0.0,0.2,0.2,0.0,0.0,0.0,0.0,0.2,0.0,0.0,0.0,0.0,0.0,0.0,0.0,13.3809,-5.28,5.4378,8.2,0.1115,3.8511,536.0,Al1 Co1 Cu1 Fe1 Ni1,0.9632483125520362
0.1666666666666666,0.0,0.0,0.1666666666666666,0.0,0.1666666666666666,0.1666666666666666,0.0,0.0,0.0,0.0,0.1666666666666666,0.0,0.1666666666666666,0.0,0.0,0.0,0.0,0.0,14.8967,-18.6667,6.1822,7.5,0.1054,1.235,682.0,Al1 Co1 Cu1 Fe1 Ni1 Si1,0.7316297041692954
0.1666666666666666,0.0,0.0,0.1666666666666666,0.0,0.1666666666666666,0.1666666666666666,0.0,0.0,0.0,0.0,0.1666666666666666,0.0,0.0,0.0,0.1666666666666666,0.0,0.0,0.0,14.8967,-16.8889,6.9814,7.5,0.1474,1.4023,626.0,Al1 Co1 Cu1 Fe1 Ni1 Ti1,0.6244252521046285
0.1666666666666666,0.0,0.0,0.1666666666666666,0.0,0.1666666666666666,0.1666666666666666,0.0,0.0,0.0,0.0,0.1666666666666666,0.0,0.0,0.0,0.0,0.0,0.0,0.1666666666666666,14.8967,-23.8889,9.7881,7.5,0.211,1.0108,472.0,Al1 Co1 Cu1 Fe1 Ni1 Zr1,0.333609966280063
0.0,0.0,0.0,0.2,0.0,0.2,0.2,0.0,0.2,0.0,0.0,0.2,0.0,0.0,0.0,0.0,0.0,0.0,0.0,13.3809,1.76,1.1224,9.0,0.1348,12.4442,208.0,Co1 Cu1 Fe1 Mn1 Ni1,0.9992030255773192
0.0,0.0,0.0,0.2,0.0,0.2,0.2,0.0,0.2,0.0,0.0,0.2,0.0,0.0,0.0,0.0,0.0,0.0,0.0,13.3809,1.76,1.1224,9.0,0.1348,12.4442,192.0,Co1 Cu1 Fe1 Mn1 Ni1 Sn0.03,0.9992030255773192
0.0,0.0,0.0,0.2,0.0,0.2,0.2,0.0,0.2,0.0,0.0,0.2,0.0,0.0,0.0,0.0,0.0,0.0,0.0,13.3809,1.76,1.1224,9.0,0.1348,12.4442,205.0,Co1 Cu1 Fe1 Mn1 Ni1 Sn0.05,0.9992030255773192
0.0,0.0,0.0,0.2,0.0,0.2,0.2,0.0,0.2,0.0,0.0,0.2,0.0,0.0,0.0,0.0,0.0,0.0,0.0,13.3809,1.76,1.1224,9.0,0.1348,12.4442,219.0,Co1 Cu1 Fe1 Mn1 Ni1 Sn0.08,0.9992030255773192
0.0,0.0,0.0,0.2,0.0,0.2,0.2,0.0,0.2,0.0,0.0,0.2,0.0,0.0,0.0,0.0,0.0,0.0,0.0,13.3809,1.76,1.1224,9.0,0.1348,12.4442,253.0,Co1 Cu1 Fe1 Mn1 Ni1 Sn0.1,0.9992030255773192
0.0,0.0,0.0,0.2,0.0,0.2,0.2,0.0,0.2,0.0,0.0,0.2,0.0,0.0,0.0,0.0,0.0,0.0,0.0,13.3809,1.76,1.1224,9.0,0.1348,12.4442,319.0,Co1 Cu1 Fe1 Mn1 Ni1 Sn0.2,0.9992030255773192
0.2249718785151855,0.0,0.0,0.0,0.0,0.1999999999999999,0.1500562429696288,0.0,0.0,0.0,0.0,0.1999999999999999,0.0,0.0,0.0,0.2249718785151855,0.0,0.0,0.0,13.2992,-19.9524,7.1576,6.9753,0.1578,1.0235,516.0,Al1 Cu0.889 Fe0.667 Ni0.889 Ti1,0.5342420629313646
0.2249718785151855,0.0,0.0,0.0,0.0,0.1999999999999999,0.1500562429696288,0.0,0.0,0.0,0.0,0.1999999999999999,0.0,0.0,0.0,0.2249718785151855,0.0,0.0,0.0,13.2992,-19.9524,7.1576,6.9753,0.1578,1.0235,516.0,Al1 Cu0.889 Fe0.667 Ni0.889 Ti1,0.5342420629313646
0.2,0.0,0.0,0.0,0.0,0.2,0.2,0.0,0.0,0.0,0.0,0.2,0.0,0.0,0.0,0.2,0.0,0.0,0.0,13.3809,-17.6,7.0946,7.2,0.1535,1.1816,516.0,Al1 Cu1 Fe1 Ni1 Ti1,0.5787519260857037
0.25,0.0,0.0,0.0,0.0,0.25,0.0,0.0,0.0,0.0,0.0,0.25,0.0,0.0,0.0,0.25,0.0,0.0,0.0,11.5257,-23.25,7.1648,7.0,0.1669,0.7386,537.0,Al1 Cu1 Ni1 Ti1,0.3975819667263016
0.0566037735849056,0.0,0.0,0.0,0.0,0.0,0.0,0.1886792452830188,0.0,0.0,0.1886792452830188,0.0,0.0,0.0,0.1886792452830188,0.1886792452830188,0.0,0.0,0.1886792452830188,14.4319,-3.9445,4.3606,4.3208,0.1204,8.9018,353.0,Al0.3 Hf1 Nb1 Ta1 Ti1 Zr1,0.9960675557833154
0.0909090909090909,0.0,0.0,0.0,0.0,0.0,0.0,0.1818181818181818,0.0,0.0,0.1818181818181818,0.0,0.0,0.0,0.1818181818181818,0.1818181818181818,0.0,0.0,0.1818181818181818,14.6972,-7.6033,4.4056,4.2727,0.1213,4.5975,396.0,Al0.5 Hf1 Nb1 Ta1 Ti1 Zr1,0.9938737989540736
0.1304347826086956,0.0,0.0,0.0,0.0,0.0,0.0,0.1739130434782608,0.0,0.0,0.1739130434782608,0.0,0.0,0.0,0.1739130434782608,0.1739130434782608,0.0,0.0,0.1739130434782608,14.8548,-11.4631,4.4466,4.2174,0.1221,3.0007,427.0,Al0.75 Hf1 Nb1 Ta1 Ti1 Zr1,0.976222453786777
0.1666666666666666,0.0,0.0,0.0,0.0,0.0,0.0,0.1666666666666666,0.0,0.0,0.1666666666666666,0.0,0.0,0.0,0.1666666666666666,0.1666666666666666,0.0,0.0,0.1666666666666666,14.8967,-14.6667,4.4741,4.1667,0.1226,2.2934,441.0,Al1 Hf1 Nb1 Ta1 Ti1 Zr1,0.944917347987707
0.0,0.0,0.0,0.0,0.0,0.0,0.0,0.2,0.0,0.0,0.2,0.0,0.0,0.0,0.2,0.2,0.0,0.0,0.2,13.3809,2.72,4.2667,4.4,0.1183,12.4117,295.0,Hf1 Nb1 Ta1 Ti1 Zr1,0.9946911350397836
0.0588235294117647,0.0,0.0,0.0,0.0,0.0,0.0,0.0,0.0,0.2352941176470588,0.2352941176470588,0.0,0.0,0.0,0.0,0.2352941176470588,0.2352941176470588,0.0,0.0,12.7077,-7.4187,3.6503,4.8824,0.2432,4.0317,460.0,Al0.25 Mo1 Nb1 Ti1 V1,0.9947878510832112
0.1111111111111111,0.0,0.0,0.0,0.0,0.0,0.0,0.0,0.0,0.2222222222222222,0.2222222222222222,0.0,0.0,0.0,0.0,0.2222222222222222,0.2222222222222222,0.0,0.0,13.1452,-10.8642,3.5529,4.7778,0.2378,2.7524,487.0,Al0.5 Mo1 Nb1 Ti1 V1,0.9721297885010108
0.1578947368421052,0.0,0.0,0.0,0.0,0.0,0.0,0.0,0.0,0.2105263157894736,0.2105263157894736,0.0,0.0,0.0,0.0,0.2105263157894736,0.2105263157894736,0.0,0.0,13.3321,-13.5623,3.4628,4.6842,0.2328,2.1667,517.0,Al0.75 Mo1 Nb1 Ti1 V1,0.9405182728293192
0.2,0.0,0.0,0.0,0.0,0.0,0.0,0.0,0.0,0.2,0.2,0.0,0.0,0.0,0.0,0.2,0.2,0.0,0.0,13.3809,-15.68,3.3792,4.6,0.228,1.8267,537.0,Al1 Mo1 Nb1 Ti1 V1,0.9111104300849252
0.0,0.0,0.0,0.0,0.0,0.0,0.0,0.0,0.0,0.25,0.25,0.0,0.0,0.0,0.0,0.25,0.25,0.0,0.0,11.5257,-3.0,3.7562,5.0,0.2489,9.3838,441.0,Mo1 Nb1 Ti1 V1,0.9988100879964968
0.0,0.0,0.0,0.0,0.0,0.0,0.0,0.1904761904761904,0.0,0.0476190476190476,0.1904761904761904,0.0,0.0,0.0,0.1904761904761904,0.1904761904761904,0.0,0.0,0.1904761904761904,14.3353,1.5601,4.5425,4.4762,0.1895,23.3465,395.0,Hf1 Mo0.25 Nb1 Ta1 Ti1 Zr1,0.9937295354567972
0.0,0.0,0.0,0.0,0.0,0.0,0.0,0.1818181818181818,0.0,0.0909090909090909,0.1818181818181818,0.0,0.0,0.0,0.1818181818181818,0.1818181818181818,0.0,0.0,0.1818181818181818,14.6972,0.595,4.7539,4.5455,0.2322,50.0,480.0,Hf1 Mo0.5 Nb1 Ta1 Ti1 Zr1,0.99124344451984
0.0,0.0,0.0,0.0,0.0,0.0,0.0,0.1739130434782608,0.0,0.1304347826086956,0.1739130434782608,0.0,0.0,0.0,0.1739130434782608,0.1739130434782608,0.0,0.0,0.1739130434782608,14.8548,-0.2117,4.918,4.6087,0.2621,50.0,492.0,Hf1 Mo0.75 Nb1 Ta1 Ti1 Zr1,0.9881855027864586
0.0,0.0,0.0,0.0,0.0,0.0,0.0,0.1666666666666666,0.0,0.1666666666666666,0.1666666666666666,0.0,0.0,0.0,0.1666666666666666,0.1666666666666666,0.0,0.0,0.1666666666666666,14.8967,-0.8889,5.0464,4.6667,0.2844,43.3242,505.0,Hf1 Mo1 Nb1 Ta1 Ti1 Zr1,0.9849598557392414
0.0,0.0,0.0,0.0,0.0,0.0,0.0,0.2,0.0,0.0,0.2,0.0,0.0,0.0,0.2,0.2,0.0,0.0,0.2,13.3809,2.72,4.2667,4.4,0.1183,12.4117,335.0,Hf1 Nb1 Ta1 Ti1 Zr1,0.9946911350397836
0.0,0.0,0.0,0.0,0.0,0.0,0.0,0.1666666666666666,0.0,0.1666666666666666,0.1666666666666666,0.0,0.0,0.0,0.1666666666666666,0.1666666666666666,0.0,0.0,0.1666666666666666,14.8967,-0.8889,5.0464,4.6667,0.2844,43.3242,505.0,Hf1 Mo1 Nb1 Ta1 Ti1 Zr1,0.9849598557392414
0.0,0.0,0.0,0.0,0.0,0.0,0.0,0.2,0.0,0.2,0.0,0.0,0.0,0.0,0.2,0.2,0.0,0.0,0.2,13.3809,-1.92,5.3825,4.6,0.3112,17.7868,542.0,Hf1 Mo1 Ta1 Ti1 Zr1,0.9717901045626736
0.0,0.0,0.0,0.0,0.0,0.0,0.0,0.2222222222222222,0.0,0.0,0.2222222222222222,0.0,0.0,0.1111111111111111,0.0,0.2222222222222222,0.2222222222222222,0.0,0.0,13.1452,-21.6296,8.7069,4.4444,0.1715,1.3807,490.0,Hf1 Nb1 Si0.5 Ti1 V1,0.4551414872711993
0.0,0.0,0.0,0.0,0.0,0.0,0.0,0.1249062265566391,0.0,0.0,0.1249062265566391,0.0,0.0,0.0,0.1249062265566391,0.3750937734433608,0.0,0.0,0.2501875468867217,12.4206,1.8741,4.1878,4.2498,0.1117,15.4285,301.0,Hf0.333 Nb0.333 Ta0.333 Ti1 Zr0.667,0.9963255486425564
0.0,0.0,0.0,0.0,0.0,0.0,0.0,0.0,0.0,0.2,0.2,0.0,0.0,0.0,0.2,0.0,0.2,0.2,0.0,13.3809,-3.2,3.2824,5.4,0.3434,12.389,536.0,Mo1 Nb1 Ta1 V1 W1,0.9995353504152324
0.0,0.0,0.0,0.0,0.0,0.0,0.0,0.0,0.0,0.25,0.25,0.0,0.0,0.0,0.25,0.0,0.0,0.25,0.0,11.5257,-4.0,2.4561,5.5,0.3637,9.0988,454.0,Mo1 Nb1 Ta1 W1,0.9999073117555282
0.0,0.0,0.0,0.238095238095238,0.0,0.0,0.238095238095238,0.0,0.0,0.0476190476190476,0.0,0.238095238095238,0.0,0.0,0.0,0.0,0.238095238095238,0.0,0.0,12.5685,-10.2041,3.6027,7.9048,0.1297,2.3664,267.0,Co1 Fe1 Mo0.2 Ni1 V1,0.9535749586746388
0.0,0.0,0.0,0.2272727272727272,0.0,0.0,0.2272727272727272,0.0,0.0,0.0909090909090909,0.0,0.2272727272727272,0.0,0.0,0.0,0.0,0.2272727272727272,0.0,0.0,13.0106,-9.9174,3.9485,7.8182,0.1443,2.5786,402.0,Co1 Fe1 Mo0.4 Ni1 V1,0.9639118566702066
0.0,0.0,0.0,0.2173913043478261,0.0,0.0,0.2173913043478261,0.0,0.0,0.1304347826086956,0.0,0.2173913043478261,0.0,0.0,0.0,0.0,0.2173913043478261,0.0,0.0,13.2416,-9.6408,4.2032,7.7391,0.1551,2.7552,557.0,Co1 Fe1 Mo0.6 Ni1 V1,0.9701487773563852
0.0,0.0,0.0,0.2083333333333333,0.0,0.0,0.2083333333333333,0.0,0.0,0.1666666666666666,0.0,0.2083333333333333,0.0,0.0,0.0,0.0,0.2083333333333333,0.0,0.0,13.3507,-9.375,4.395,7.6667,0.1634,2.9095,606.0,Co1 Fe1 Mo0.8 Ni1 V1,0.9740480735509396
0.0,0.0,0.0,0.1922899353647276,0.0,0.0,0.1922899353647276,0.0,0.0,0.1922899353647276,0.0,0.2308402585410895,0.0,0.0,0.0,0.0,0.1922899353647276,0.0,0.0,13.357,-9.231,4.5375,7.6925,0.1667,2.9862,602.0,Co0.833 Fe0.833 Mo0.833 Ni1 V0.833,0.9749158873626226
0.0,0.0,0.0,0.1851659751037344,0.0,0.0,0.1851659751037344,0.0,0.0,0.1851659751037344,0.0,0.2593360995850622,0.0,0.0,0.0,0.0,0.1851659751037344,0.0,0.0,13.2952,-9.3006,4.5285,7.778,0.1636,2.9324,538.0,Co0.714 Fe0.714 Mo0.714 Ni1 V0.714,0.9734720362699568
0.0,0.0,0.0,0.1785714285714285,0.0,0.0,0.1785714285714285,0.0,0.0,0.1785714285714285,0.0,0.2857142857142857,0.0,0.0,0.0,0.0,0.1785714285714285,0.0,0.0,13.2066,-9.3367,4.5154,7.8571,0.1607,2.8852,520.0,Co0.625 Fe0.625 Mo0.625 Ni1 V0.625,0.9721656859707885
0.0,0.0,0.0,0.1724565756823821,0.0,0.0,0.1724565756823821,0.0,0.0,0.1724565756823821,0.0,0.3101736972704714,0.0,0.0,0.0,0.0,0.1724565756823821,0.0,0.0,13.0991,-9.346,4.499,7.9305,0.158,2.8439,510.0,Co0.556 Fe0.556 Mo0.556 Ni1 V0.556,0.9709949284141176
0.0,0.0,0.0,0.1666666666666666,0.0,0.0,0.1666666666666666,0.0,0.0,0.1666666666666666,0.0,0.3333333333333333,0.0,0.0,0.0,0.0,0.1666666666666666,0.0,0.0,12.9757,-9.3333,4.4797,8.0,0.1554,2.8069,382.0,Co0.5 Fe0.5 Mo0.5 Ni1 V0.5,0.9699244361760462
0.0,0.0,0.0,0.2,0.0,0.0,0.2,0.0,0.0,0.2,0.0,0.2,0.0,0.0,0.0,0.0,0.2,0.0,0.0,13.3809,-9.12,4.5413,7.6,0.1699,3.0477,625.0,Co1 Fe1 Mo1 Ni1 V1,0.976506101535732
0.0,0.0,0.0,0.25,0.0,0.0,0.25,0.0,0.0,0.0,0.0,0.25,0.0,0.0,0.0,0.0,0.25,0.0,0.0,11.5257,-10.5,3.1126,8.0,0.1092,2.0554,238.0,Co1 Fe1 Ni1 V1,0.9322558341097882
0.0356798457087753,0.0,0.0,0.0,0.0,0.3214400514304082,0.0,0.0,0.3214400514304082,0.0,0.0,0.3214400514304082,0.0,0.0,0.0,0.0,0.0,0.0,0.0,10.088,-1.9268,2.7679,9.1074,0.1676,7.9243,241.0,Al0.111 Cu1 Mn1 Ni1,0.9998033523542532
0.0173599737962659,0.0,0.0,0.0,0.0,0.3275466754012446,0.0,0.0,0.3275466754012446,0.0,0.0,0.3275466754012446,0.0,0.0,0.0,0.0,0.0,0.0,0.0,9.7034,-0.9553,2.1739,9.2234,0.1675,15.4859,166.0,Al0.053 Cu1 Mn1 Ni1,0.999897332332633
0.0,0.0,0.0,0.0,0.0,0.0,0.0,0.1219512195121951,0.0,0.1219512195121951,0.2439024390243902,0.0,0.0,0.024390243902439,0.0,0.2439024390243902,0.0,0.0,0.2439024390243902,13.6034,-6.3415,6.0343,4.4878,0.2614,5.0692,442.0,Hf0.5 Mo0.5 Nb1 Si0.1 Ti1 Zr1,0.9137275128910692
0.0,0.0,0.0,0.0,0.0,0.0,0.0,0.1162790697674418,0.0,0.1162790697674418,0.2325581395348837,0.0,0.0,0.0697674418604651,0.0,0.2325581395348837,0.0,0.0,0.2325581395348837,14.1655,-16.8632,7.5508,4.4651,0.2652,1.9586,494.0,Hf0.5 Mo0.5 Nb1 Si0.3 Ti1 Zr1,0.6189253381924186
0.0,0.0,0.0,0.0,0.0,0.0,0.0,0.1111111111111111,0.0,0.1111111111111111,0.2222222222222222,0.0,0.0,0.1111111111111111,0.0,0.2222222222222222,0.0,0.0,0.2222222222222222,14.4258,-25.5309,8.6404,4.4444,0.2678,1.3013,524.0,Hf0.5 Mo0.5 Nb1 Si0.5 Ti1 Zr1,0.361303203478953
0.0,0.0,0.0,0.0,0.0,0.0,0.0,0.1063829787234042,0.0,0.1063829787234042,0.2127659574468085,0.0,0.0,0.1489361702127659,0.0,0.2127659574468085,0.0,0.0,0.2127659574468085,14.5342,-32.6935,9.4759,4.4255,0.2695,1.0122,580.0,Hf0.5 Mo0.5 Nb1 Si0.7 Ti1 Zr1,0.3146047297180899
0.0,0.0,0.0,0.0,0.0,0.0,0.0,0.1020408163265306,0.0,0.1020408163265306,0.2040816326530612,0.0,0.0,0.183673469387755,0.0,0.2040816326530612,0.0,0.0,0.2040816326530612,14.5499,-38.6256,10.1388,4.4082,0.2704,0.8486,640.0,Hf0.5 Mo0.5 Nb1 Si0.9 Ti1 Zr1,0.2926843747052309
0.0,0.0,0.0,0.0,0.0,0.0,0.0,0.125,0.0,0.125,0.25,0.0,0.0,0.0,0.0,0.25,0.0,0.0,0.25,12.9664,-0.25,4.9834,4.5,0.259,50.0,400.0,Hf0.5 Mo0.5 Nb1 Ti1 Zr1,0.9866161991497304
0.0,0.0,0.0,0.0,0.0,0.0,0.0,0.25,0.0,0.0,0.25,0.0,0.0,0.0,0.25,0.0,0.0,0.0,0.25,11.5257,3.5,4.425,4.5,0.1232,8.7875,365.0,Hf1 Nb1 Ta1 Zr1,0.9911399066591496
0.0,0.0,0.0,0.0,0.0,0.0,0.0,0.0,0.0,0.2352941176470588,0.2352941176470588,0.0,0.0,0.0,0.2352941176470588,0.0588235294117647,0.0,0.2352941176470588,0.0,12.7077,-3.9862,2.4913,5.4118,0.3631,9.8386,478.3,Mo1 Nb1 Ta1 Ti0.25 W1,0.9999023024410902
0.0,0.0,0.0,0.0,0.0,0.0,0.0,0.0,0.0,0.2222222222222222,0.2222222222222222,0.0,0.0,0.0,0.2222222222222222,0.1111111111111111,0.0,0.2222222222222222,0.0,13.1452,-3.9506,2.5106,5.3333,0.3616,10.0572,481.2,Mo1 Nb1 Ta1 Ti0.5 W1,0.9998986932019104
0.0,0.0,0.0,0.0,0.0,0.0,0.0,0.0,0.0,0.2105263157894736,0.2105263157894736,0.0,0.0,0.0,0.2105263157894736,0.1578947368421052,0.0,0.2105263157894736,0.0,13.3321,-3.9003,2.5185,5.2632,0.3593,10.1372,495.6,Mo1 Nb1 Ta1 Ti0.75 W1,0.9998970525745936
0.0,0.0,0.0,0.0,0.0,0.0,0.0,0.0,0.0,0.2,0.2,0.0,0.0,0.0,0.2,0.2,0.0,0.2,0.0,13.3809,-3.84,2.5182,5.2,0.3566,10.1555,507.5,Mo1 Nb1 Ta1 Ti1 W1,0.9998969527490772
0.0799301919720767,0.0,0.0,0.1696335078534031,0.1396160558464223,0.0799301919720767,0.1696335078534031,0.0,0.0,0.0010471204188481,0.0,0.3490401396160558,0.0,0.0,0.0,0.0101221640488656,0.0,0.0010471204188481,0.0,14.2081,-5.9598,4.2341,8.3839,0.1105,4.1107,231.0,Al0.229 Co0.486 Cr0.4 Cu0.229 Fe0.486 Mo0.003 Ni1 Ti0.029 W0.003,0.993157988149088
0.1000719942404607,0.0,0.0,0.249820014398848,0.079913606911447,0.0,0.1501079913606911,0.0,0.0,0.0,0.0,0.3599712023038157,0.0,0.0,0.0,0.0601151907847372,0.0,0.0,0.0,13.3045,-13.9876,5.6702,8.0691,0.1225,1.6358,343.0,Al0.278 Co0.694 Cr0.222 Fe0.417 Ni1 Ti0.167,0.8445558149114007
0.0,0.0,0.0,0.2,0.2,0.0,0.2,0.0,0.2,0.0,0.0,0.2,0.0,0.0,0.0,0.0,0.0,0.0,0.0,13.3809,-4.16,1.1224,8.0,0.1384,5.7937,130.2,Co1 Cr1 Fe1 Mn1 Ni1,0.9996855416262516
0.0,0.0,0.0,0.2,0.2,0.0,0.2,0.0,0.2,0.0,0.0,0.2,0.0,0.0,0.0,0.0,0.0,0.0,0.0,13.3809,-4.16,1.1224,8.0,0.1384,5.7937,415.0,Co1 Cr1 Fe1 Mn1 Ni1,0.9996855416262516
0.0196078431372549,0.0,0.0,0.196078431372549,0.196078431372549,0.0,0.196078431372549,0.0,0.196078431372549,0.0,0.0,0.196078431372549,0.0,0.0,0.0,0.0,0.0,0.0,0.0,13.9209,-5.2441,2.1701,7.902,0.1387,4.7362,432.0,Al0.1 Co1 Cr1 Fe1 Mn1 Ni1,0.9984587060986616
0.0566037735849056,0.0,0.0,0.1886792452830188,0.1886792452830188,0.0,0.1886792452830188,0.0,0.1886792452830188,0.0,0.0,0.1886792452830188,0.0,0.0,0.0,0.0,0.0,0.0,0.0,14.4319,-7.1627,3.2779,7.717,0.1391,3.5302,511.0,Al0.3 Co1 Cr1 Fe1 Mn1 Ni1,0.9906377364174566
0.0909090909090909,0.0,0.0,0.1818181818181818,0.1818181818181818,0.0,0.1818181818181818,0.0,0.1818181818181818,0.0,0.0,0.1818181818181818,0.0,0.0,0.0,0.0,0.0,0.0,0.0,14.6972,-8.7934,3.9749,7.5455,0.1393,2.8786,553.0,Al0.5 Co1 Cr1 Fe1 Mn1 Ni1,0.9754600226571536
0.1228070175438596,0.0,0.0,0.175438596491228,0.175438596491228,0.0,0.175438596491228,0.0,0.175438596491228,0.0,0.0,0.175438596491228,0.0,0.0,0.0,0.0,0.0,0.0,0.0,14.8344,-10.1816,4.4772,7.386,0.1393,2.469,622.0,Al0.7 Co1 Cr1 Fe1 Mn1 Ni1,0.9552604999705878
0.1666666666666666,0.0,0.0,0.1666666666666666,0.1666666666666666,0.0,0.1666666666666666,0.0,0.1666666666666666,0.0,0.0,0.1666666666666666,0.0,0.0,0.0,0.0,0.0,0.0,0.0,14.8967,-11.8889,5.0187,7.1667,0.139,2.0756,684.0,Al1 Co1 Cr1 Fe1 Mn1 Ni1,0.9200029738671184
0.0,0.0,0.0,0.25,0.25,0.0,0.25,0.0,0.0,0.0,0.0,0.25,0.0,0.0,0.0,0.0,0.0,0.0,0.0,11.5257,-3.75,1.1762,8.25,0.0967,5.7528,94.7,Co1 Cr1 Fe1 Ni1,0.9996644100837916
0.0697674418604651,0.0,0.0,0.2325581395348837,0.2325581395348837,0.0,0.2325581395348837,0.0,0.0,0.0,0.0,0.2325581395348837,0.0,0.0,0.0,0.0,0.0,0.0,0.0,12.8253,-7.2688,3.6393,7.8837,0.1075,3.187,117.0,Al0.3 Co1 Cr1 Fe1 Ni1,0.9844105582604432
0.1304347826086956,0.0,0.0,0.2173913043478261,0.2173913043478261,0.0,0.2173913043478261,0.0,0.0,0.0,0.0,0.2173913043478261,0.0,0.0,0.0,0.0,0.0,0.0,0.0,13.2416,-9.8677,4.6648,7.5652,0.1146,2.3474,228.0,Al0.6 Co1 Cr1 Fe1 Ni1,0.9461556483231396
0.183673469387755,0.0,0.0,0.2040816326530612,0.2040816326530612,0.0,0.2040816326530612,0.0,0.0,0.0,0.0,0.2040816326530612,0.0,0.0,0.0,0.0,0.0,0.0,0.0,13.3738,-11.7951,5.2839,7.2857,0.1194,1.9268,511.0,Al0.9 Co1 Cr1 Fe1 Ni1,0.8979709244898458
0.1666666666666666,0.0,0.0,0.1851851851851851,0.1851851851851851,0.0,0.1851851851851851,0.0,0.0,0.0,0.0,0.1851851851851851,0.0,0.0,0.0,0.0925925925925925,0.0,0.0,0.0,14.7003,-17.5309,6.3872,6.9815,0.1335,1.4437,623.0,Al0.9 Co1 Cr1 Fe1 Ni1 Ti0.5,0.7291260174570733
0.25,0.0,0.0,0.25,0.25,0.0,0.0,0.0,0.0,0.0,0.0,0.25,0.0,0.0,0.0,0.0,0.0,0.0,0.0,11.5257,-15.5,5.8835,7.0,0.1316,1.2286,1183.0,Al1 Co1 Cr1 Ni1,0.7741803399597303
0.0,0.0,0.0,0.0,0.1666666666666666,0.0,0.0,0.0,0.0,0.1666666666666666,0.1666666666666666,0.0,0.0,0.0,0.1666666666666666,0.0,0.1666666666666666,0.1666666666666666,0.0,14.8967,-4.0,4.5925,5.5,0.3214,10.5481,704.6,Cr1 Mo1 Nb1 Ta1 V1 W1,0.9937941358621774
0.0,0.0,0.0,0.2,0.2,0.2,0.2,0.0,0.0,0.0,0.0,0.2,0.0,0.0,0.0,0.0,0.0,0.0,0.0,13.3809,3.2,1.2678,8.8,0.0922,7.3971,160.0,Co1 Cr1 Cu1 Fe1 Ni1,0.9966819736229529
0.0909090909090909,0.0,0.0,0.1818181818181818,0.1818181818181818,0.1818181818181818,0.1818181818181818,0.0,0.0,0.0,0.0,0.1818181818181818,0.0,0.0,0.0,0.0,0.0,0.0,0.0,14.6972,-1.5207,3.9654,8.2727,0.1093,16.3628,160.0,Al0.5 Co1 Cr1 Cu1 Fe1 Ni1,0.9981776334417634
0.1666666666666666,0.0,0.0,0.1666666666666666,0.1666666666666666,0.1666666666666666,0.1666666666666666,0.0,0.0,0.0,0.0,0.1666666666666666,0.0,0.0,0.0,0.0,0.0,0.0,0.0,14.8967,-4.7778,4.9838,7.8333,0.1191,5.0812,458.0,Al1 Co1 Cr1 Cu1 Fe1 Ni1,0.985821163820112
0.2306805074971165,0.0,0.0,0.1538638985005767,0.1538638985005767,0.1538638985005767,0.1538638985005767,0.0,0.0,0.0,0.0,0.1538638985005767,0.0,0.0,0.0,0.0,0.0,0.0,0.0,14.7845,-7.0504,5.5469,7.4621,0.1249,3.3051,498.0,Al1 Co0.667 Cr0.667 Cu0.667 Fe0.667 Ni0.667,0.949667959743073
0.2857142857142857,0.0,0.0,0.1428571428571428,0.1428571428571428,0.1428571428571428,0.1428571428571428,0.0,0.0,0.0,0.0,0.1428571428571428,0.0,0.0,0.0,0.0,0.0,0.0,0.0,14.5318,-8.6531,5.8847,7.1429,0.1284,2.5697,560.0,Al1 Co0.5 Cr0.5 Cu0.5 Fe0.5 Ni0.5,0.8976779870045938
0.0697674418604651,0.0,0.0,0.2325581395348837,0.2325581395348837,0.0,0.2325581395348837,0.0,0.0,0.0,0.0,0.2325581395348837,0.0,0.0,0.0,0.0,0.0,0.0,0.0,12.8253,-7.2688,3.6393,7.8837,0.1075,3.187,132.0,Al0.3 Co1 Cr1 Fe1 Ni1,0.9844105582604432
0.0697674418604651,0.0,0.0,0.2325581395348837,0.2325581395348837,0.0,0.2325581395348837,0.0,0.0,0.0,0.0,0.2325581395348837,0.0,0.0,0.0,0.0,0.0,0.0,0.0,12.8253,-7.2688,3.6393,7.8837,0.1075,3.187,147.0,Al0.3 Co1 Cr1 Fe1 Ni1,0.9844105582604432
0.0697674418604651,0.0,0.0,0.2325581395348837,0.2325581395348837,0.0,0.2325581395348837,0.0,0.0,0.0,0.0,0.2325581395348837,0.0,0.0,0.0,0.0,0.0,0.0,0.0,12.8253,-7.2688,3.6393,7.8837,0.1075,3.187,165.0,Al0.3 Co1 Cr1 Fe1 Ni1,0.9844105582604432
0.2,0.0,0.0,0.2,0.2,0.0,0.2,0.0,0.0,0.0,0.0,0.2,0.0,0.0,0.0,0.0,0.0,0.0,0.0,13.3809,-12.32,5.4378,7.2,0.1206,1.829,519.0,Al1 Co1 Cr1 Fe1 Ni1,0.8809619210146633
0.2,0.0,0.0,0.2,0.2,0.0,0.2,0.0,0.0,0.0,0.0,0.2,0.0,0.0,0.0,0.0,0.0,0.0,0.0,13.3809,-12.32,5.4378,7.2,0.1206,1.829,493.0,Al1 Co1 Cr1 Fe1 Ni1,0.8809619210146633
0.0,0.0,0.0,0.0,0.0,0.0,0.0,0.0,0.0,0.2857142857142857,0.2857142857142857,0.0,0.1428571428571428,0.0,0.0,0.0,0.0,0.2857142857142857,0.0,11.2387,-5.8776,2.4238,5.8571,0.3018,6.0481,473.0,Mo1 Nb1 Re0.5 W1,0.9997079540876508
0.0,0.0,0.0512820512820512,0.0,0.0,0.0,0.0,0.0,0.0,0.2564102564102564,0.2564102564102564,0.0,0.1282051282051282,0.0,0.0512820512820512,0.0,0.0,0.2564102564102564,0.0,13.4264,-21.975,10.5494,5.7179,0.3317,1.9572,510.0,C0.2 Mo1 Nb1 Re0.5 Ta0.2 W1,0.5002697255495381
0.0,0.0,0.0930232558139535,0.0,0.0,0.0,0.0,0.0,0.0,0.2325581395348837,0.2325581395348837,0.0,0.1162790697674418,0.0,0.0930232558139535,0.0,0.0,0.2325581395348837,0.0,14.2143,-34.7518,14.0286,5.6047,0.3542,1.3237,558.0,C0.4 Mo1 Nb1 Re0.5 Ta0.4 W1,0.3540887645494631
0.0,0.0,0.1111111111111111,0.0,0.0,0.0,0.0,0.0,0.0,0.2222222222222222,0.2222222222222222,0.0,0.1111111111111111,0.0,0.1111111111111111,0.0,0.0,0.2222222222222222,0.0,14.4258,-40.1975,15.2879,5.5556,0.3635,1.1665,583.0,C0.5 Mo1 Nb1 Re0.5 Ta0.5 W1,0.3337209069037384
0.0,0.0,0.1276595744680851,0.0,0.0,0.0,0.0,0.0,0.0,0.2127659574468085,0.2127659574468085,0.0,0.1063829787234042,0.0,0.1276595744680851,0.0,0.0,0.2127659574468085,0.0,14.5638,-45.1317,16.3525,5.5106,0.3718,1.0531,615.0,C0.6 Mo1 Nb1 Re0.5 Ta0.6 W1,0.3188469136863102
0.3333333333333333,0.0,0.0,0.1666666666666666,0.1666666666666666,0.0,0.1666666666666666,0.0,0.0,0.0,0.0,0.1666666666666666,0.0,0.0,0.0,0.0,0.0,0.0,0.0,12.9757,-15.4444,6.2516,6.5,0.1266,1.3097,581.7,Al1 Co0.5 Cr0.5 Fe0.5 Ni0.5,0.7357026678231344
0.2998500749625187,0.0,0.0,0.1667166416791604,0.1667166416791604,0.0,0.1667166416791604,0.0,0.0,0.0,0.0,0.1667166416791604,0.0,0.0,0.0,0.0332833583208395,0.0,0.0,0.0,13.8767,-17.1938,6.4078,6.5343,0.1298,1.2853,605.5,Al1 Co0.556 Cr0.556 Fe0.556 Ni0.556 Ti0.111,0.7061752306604061
0.2499375156210947,0.0,0.0,0.1667083229192701,0.1667083229192701,0.0,0.1667083229192701,0.0,0.0,0.0,0.0,0.1667083229192701,0.0,0.0,0.0,0.0832291927018245,0.0,0.0,0.0,14.5338,-19.3256,6.6323,6.5841,0.1343,1.2355,641.7,Al1 Co0.667 Cr0.667 Fe0.667 Ni0.667 Ti0.333,0.6523977241225477
0.2000400080016003,0.0,0.0,0.166633326665333,0.166633326665333,0.0,0.166633326665333,0.0,0.0,0.0,0.0,0.166633326665333,0.0,0.0,0.0,0.1334266853370674,0.0,0.0,0.0,14.841,-20.8727,6.8465,6.6327,0.1386,1.2039,639.6,Al1 Co0.833 Cr0.833 Fe0.833 Ni0.833 Ti0.667,0.5846258661774905
0.1666666666666666,0.0,0.0,0.1666666666666666,0.1666666666666666,0.0,0.1666666666666666,0.0,0.0,0.0,0.0,0.1666666666666666,0.0,0.0,0.0,0.1666666666666666,0.0,0.0,0.0,14.8967,-21.5556,6.9814,6.6667,0.1414,1.1934,703.0,Al1 Co1 Cr1 Fe1 Ni1 Ti1,0.5399483150035088
0.1334266853370674,0.0,0.0,0.166633326665333,0.166633326665333,0.0,0.166633326665333,0.0,0.0,0.0,0.0,0.166633326665333,0.0,0.0,0.0,0.2000400080016003,0.0,0.0,0.0,14.841,-21.9827,7.1128,6.6993,0.144,1.1884,856.9,Al0.667 Co0.833 Cr0.833 Fe0.833 Ni0.833 Ti1,0.50461257197842
0.0,0.0,0.0,0.0,0.0,0.0,0.0,0.25,0.0,0.0,0.25,0.0,0.0,0.0,0.0,0.25,0.0,0.0,0.25,11.5257,2.5,4.2609,4.25,0.1297,10.7477,351.0,Hf1 Nb1 Ti1 Zr1,0.995128236250684
0.0,0.0,0.0,0.25,0.25,0.0,0.25,0.0,0.0,0.0,0.0,0.25,0.0,0.0,0.0,0.0,0.0,0.0,0.0,11.5257,-3.75,1.1762,8.25,0.0967,5.7528,168.9,Co1 Cr1 Fe1 Ni1,0.9996644100837916
0.0,0.0,0.0,0.238095238095238,0.238095238095238,0.0,0.238095238095238,0.0,0.0,0.0,0.0,0.238095238095238,0.0,0.0,0.0,0.0,0.0,0.0476190476190476,0.0,12.5685,-3.5828,2.5078,8.1429,0.1488,6.8707,244.0,Co1 Cr1 Fe1 Ni1 W0.2,0.9998376693836976
0.0,0.0,0.0,0.2222222222222222,0.2222222222222222,0.0,0.2222222222222222,0.0,0.0,0.0,0.0,0.2222222222222222,0.0,0.0,0.0,0.0,0.0,0.1111111111111111,0.0,13.1452,-3.358,3.4517,8.0,0.1926,8.1201,357.9,Co1 Cr1 Fe1 Ni1 W0.5,0.999342177481774
0.0,0.0,0.0,0.0,0.2,0.0,0.2,0.0,0.0,0.2,0.2,0.0,0.0,0.0,0.0,0.0,0.2,0.0,0.0,13.3809,-6.88,5.4311,6.0,0.2079,4.5977,826.0,Cr1 Fe1 Mo1 Nb1 V1,0.9673523566338936
0.0,0.0,0.0,0.0,0.2,0.0,0.2,0.0,0.0,0.2,0.2,0.0,0.0,0.0,0.0,0.2,0.0,0.0,0.0,13.3809,-9.28,6.4107,5.8,0.2231,3.3389,792.0,Cr1 Fe1 Mo1 Nb1 Ti1,0.8459689490874596
0.0,0.0,0.0,0.0,0.0,0.0,0.2,0.0,0.0,0.2,0.2,0.0,0.0,0.0,0.0,0.2,0.2,0.0,0.0,13.3809,-8.64,5.6451,5.6,0.226,3.5871,699.0,Fe1 Mo1 Nb1 Ti1 V1,0.9466530465707114
0.0,0.0,0.0,0.0,0.0,0.0,0.0,0.1111111111111111,0.0,0.0,0.0,0.0,0.0,0.0,0.0,0.4444444444444444,0.2222222222222222,0.0,0.2222222222222222,10.584,-1.7778,6.3719,4.2222,0.1231,12.497,338.3,Hf0.25 Ti1 V0.5 Zr0.5,0.8642161861328481
0.0,0.0,0.0,0.0,0.0,0.0,0.0,0.1111111111111111,0.0,0.0,0.0,0.0,0.0,0.0,0.0,0.4444444444444444,0.2222222222222222,0.0,0.2222222222222222,10.584,-1.7778,6.3719,4.2222,0.1231,12.497,338.3,Hf0.25 Ti1 V0.5 Zr0.5,0.8642161861328481
0.0,0.0,0.0,0.0,0.0,0.0,0.0,0.1111111111111111,0.0,0.0,0.0,0.0,0.0,0.0,0.0,0.4444444444444444,0.2222222222222222,0.0,0.2222222222222222,10.584,-1.7778,6.3719,4.2222,0.1231,12.497,338.3,Hf0.25 Ti1 V0.5 Zr0.5,0.8642161861328481
0.0,0.0,0.0,0.0,0.0,0.0,0.0,0.1052631578947368,0.0,0.0,0.0526315789473684,0.0,0.0,0.0,0.0,0.4210526315789473,0.2105263157894736,0.0,0.2105263157894736,11.7412,-1.1967,6.217,4.2632,0.1225,20.9315,332.4,Hf0.25 Nb0.125 Ti1 V0.5 Zr0.5,0.8888879196536578
0.0,0.0,0.0,0.0,0.0,0.0,0.0,0.1,0.0,0.0,0.1,0.0,0.0,0.0,0.0,0.4,0.2,0.0,0.2,12.2283,-0.72,6.0728,4.3,0.1216,36.7562,322.5,Hf0.25 Nb0.25 Ti1 V0.5 Zr0.5,0.9095000739101988
0.0,0.0,0.0,0.0,0.0,0.0,0.0,0.1,0.0,0.0,0.1,0.0,0.0,0.0,0.0,0.4,0.2,0.0,0.2,12.2283,-0.72,6.0728,4.3,0.1216,36.7562,322.5,Hf0.25 Nb0.25 Ti1 V0.5 Zr0.5,0.9095000739101988
0.0,0.0,0.0,0.0,0.0,0.0,0.0,0.1,0.0,0.0,0.1,0.0,0.0,0.0,0.0,0.4,0.2,0.0,0.2,12.2283,-0.72,6.0728,4.3,0.1216,36.7562,322.5,Hf0.25 Nb0.25 Ti1 V0.5 Zr0.5,0.9095000739101988
0.0,0.0,0.0,0.0,0.0,0.0,0.0,0.0952380952380952,0.0,0.0,0.1428571428571428,0.0,0.0,0.0,0.0,0.3809523809523809,0.1904761904761904,0.0,0.1904761904761904,12.4817,-0.3265,5.9382,4.3333,0.1207,50.0,318.9,Hf0.25 Nb0.375 Ti1 V0.5 Zr0.5,0.9263243942130636
0.0,0.0,0.0,0.0,0.0,0.0,0.0,0.0909090909090909,0.0,0.0,0.1818181818181818,0.0,0.0,0.0,0.0,0.3636363636363636,0.1818181818181818,0.0,0.1818181818181818,12.6016,0.0,5.8121,4.3636,0.1196,50.0,310.4,Hf0.25 Nb0.5 Ti1 V0.5 Zr0.5,0.939876447780248
0.0,0.0,0.0,0.0,0.0,0.0,0.0,0.0909090909090909,0.0,0.0,0.1818181818181818,0.0,0.0,0.0,0.0,0.3636363636363636,0.1818181818181818,0.0,0.1818181818181818,12.6016,0.0,5.8121,4.3636,0.1196,50.0,310.4,Hf0.25 Nb0.5 Ti1 V0.5 Zr0.5,0.939876447780248
0.0,0.0,0.0,0.0,0.0,0.0,0.0,0.0909090909090909,0.0,0.0,0.1818181818181818,0.0,0.0,0.0,0.0,0.3636363636363636,0.1818181818181818,0.0,0.1818181818181818,12.6016,0.0,5.8121,4.3636,0.1196,50.0,310.4,Hf0.25 Nb0.5 Ti1 V0.5 Zr0.5,0.939876447780248
0.33003300330033,0.0,0.0,0.33003300330033,0.03003300330033,0.0,0.0,0.0,0.0,0.0,0.2399339933993399,0.0,0.0,0.0,0.0,0.0,0.0,0.0699669966996699,0.0,11.3534,-24.9808,6.5893,5.7601,0.2091,0.8523,1084.0,Al1 Co1 Cr0.091 Nb0.727 W0.212,0.476975843741539
0.0,0.0,0.0,0.2399808015358771,0.2200623950083993,0.0,0.0,0.0,0.0,0.0,0.0,0.2399808015358771,0.0,0.0,0.1199904007679385,0.1799856011519078,0.0,0.0,0.0,13.1462,-21.0749,7.3757,7.1999,0.1646,1.2868,1011.0,Co1 Cr0.917 Ni1 Ta0.5 Ti0.75,0.5179798131753345
0.3599391866210566,0.0,0.0,0.0600532117065754,0.0,0.0,0.0,0.0,0.0,0.3800836183960471,0.0,0.1098441657164576,0.0,0.0,0.0,0.0,0.0,0.0900798175598631,0.0,11.3387,-21.7802,4.6498,5.5397,0.2716,1.0752,725.0,Al0.947 Co0.158 Mo1 Ni0.289 W0.237,0.7480134655262335
0.0,0.0,0.0,0.0202162670427832,0.0,0.0,0.0,0.0,0.0,0.0,0.2999529854254819,0.470145745181006,0.0,0.0,0.1198871650211565,0.0897978373295721,0.0,0.0,0.0,10.5223,-30.1552,8.1802,7.3418,0.1741,0.7822,815.0,Co0.043 Nb0.638 Ni1 Ta0.255 Ti0.191,0.2983433631188282
0.0,0.0,0.0,0.1201584507042253,0.2099471830985915,0.0,0.0,0.0,0.0,0.0,0.2099471830985915,0.019806338028169,0.0,0.0,0.0,0.4401408450704225,0.0,0.0,0.0,11.2148,-13.7678,6.8424,5.3495,0.114,1.7399,422.0,Co0.273 Cr0.477 Nb0.477 Ni0.045 Ti1,0.6864339990851931
0.0,0.0,0.0,0.3898635477582846,0.1898635477582846,0.0,0.0,0.0,0.0,0.0,0.0900584795321637,0.0,0.0,0.0,0.0101364522417154,0.3200779727095516,0.0,0.0,0.0,10.8968,-21.0415,7.6578,6.4292,0.1498,1.0386,856.0,Co1 Cr0.487 Nb0.231 Ta0.026 Ti0.821,0.4630265800874985
0.0,0.0,0.0,0.2198830409356724,0.0,0.0,0.0,0.0,0.0,0.0,0.3099415204678363,0.0,0.0,0.0,0.0401559454191033,0.3898635477582846,0.0,0.0401559454191033,0.0,10.9873,-16.8705,6.2817,5.5298,0.1951,1.4838,277.0,Co0.564 Nb0.795 Ta0.103 Ti1 W0.103,0.7520389480599177
0.2222222222222222,0.0,0.0,0.2222222222222222,0.0,0.2222222222222222,0.2222222222222222,0.0,0.0,0.0,0.0,0.1111111111111111,0.0,0.0,0.0,0.0,0.0,0.0,0.0,13.1452,-4.5432,5.5301,8.0,0.1137,4.3298,430.9,Al1 Co1 Cu1 Fe1 Ni0.5,0.9604146770067704
0.2083333333333333,0.0,0.0,0.2083333333333333,0.0,0.2083333333333333,0.2083333333333333,0.0,0.0,0.0,0.0,0.1666666666666666,0.0,0.0,0.0,0.0,0.0,0.0,0.0,13.3507,-5.0347,5.4771,8.125,0.1124,4.0065,420.0,Al1 Co1 Cu1 Fe1 Ni0.8,0.9620826793614344
0.2,0.0,0.0,0.2,0.0,0.2,0.2,0.0,0.0,0.0,0.0,0.2,0.0,0.0,0.0,0.0,0.0,0.0,0.0,13.3809,-5.28,5.4378,8.2,0.1115,3.8511,391.4,Al1 Co1 Cu1 Fe1 Ni1,0.9632483125520362
0.1818429661941112,0.0,0.0,0.1818429661941112,0.0,0.1818429661941112,0.1818429661941112,0.0,0.0,0.0,0.0,0.272628135223555,0.0,0.0,0.0,0.0,0.0,0.0,0.0,13.2542,-5.6855,5.332,8.3634,0.109,3.5866,323.8,Al0.667 Co0.667 Cu0.667 Fe0.667 Ni1,0.9661175555607148
0.1666666666666666,0.0,0.0,0.1666666666666666,0.0,0.1666666666666666,0.1666666666666666,0.0,0.0,0.0,0.0,0.3333333333333333,0.0,0.0,0.0,0.0,0.0,0.0,0.0,12.9757,-5.8889,5.2207,8.5,0.1065,3.4249,299.2,Al0.5 Co0.5 Cu0.5 Fe0.5 Ni1,0.9687526207925992
0.1427958833619211,0.0,0.0,0.1427958833619211,0.0,0.1427958833619211,0.1427958833619211,0.0,0.0,0.0,0.0,0.4288164665523156,0.0,0.0,0.0,0.0,0.0,0.0,0.0,12.2615,-5.959,4.9992,8.7148,0.1015,3.2495,279.6,Al0.333 Co0.333 Cu0.333 Fe0.333 Ni1,0.972920537275236
0.1111111111111111,0.0,0.0,0.0,0.2222222222222222,0.0,0.2222222222222222,0.0,0.2222222222222222,0.0,0.0,0.2222222222222222,0.0,0.0,0.0,0.0,0.0,0.0,0.0,13.1452,-9.284,4.2507,7.2222,0.1388,2.4242,353.0,Al0.5 Cr1 Fe1 Mn1 Ni1,0.9546134034479152
0.1304347826086956,0.0,0.0,0.0,0.2173913043478261,0.0,0.2173913043478261,0.0,0.2173913043478261,0.0,0.0,0.2173913043478261,0.0,0.0,0.0,0.0,0.0,0.0,0.0,13.2416,-10.0567,4.5215,7.1304,0.1383,2.232,361.0,Al0.6 Cr1 Fe1 Mn1 Ni1,0.9404500805594872
0.1489361702127659,0.0,0.0,0.0,0.2127659574468085,0.0,0.2127659574468085,0.0,0.2127659574468085,0.0,0.0,0.2127659574468085,0.0,0.0,0.0,0.0,0.0,0.0,0.0,13.3081,-10.756,4.7517,7.0426,0.1377,2.0773,375.0,Al0.7 Cr1 Fe1 Mn1 Ni1,0.9258798718316372
0.1666666666666666,0.0,0.0,0.0,0.2083333333333333,0.0,0.2083333333333333,0.0,0.2083333333333333,0.0,0.0,0.2083333333333333,0.0,0.0,0.0,0.0,0.0,0.0,0.0,13.3507,-11.3889,4.9493,6.9583,0.1372,1.9499,386.0,Al0.8 Cr1 Fe1 Mn1 Ni1,0.911113335193868
0.0,0.0,0.0,0.2941176470588235,0.0588235294117647,0.0,0.2941176470588235,0.0,0.0,0.0,0.0,0.2941176470588235,0.0,0.0588235294117647,0.0,0.0,0.0,0.0,0.0,11.7487,-10.0484,1.7561,8.5294,0.0597,2.091,130.1,Co1 Cr0.2 Fe1 Ni1 Si0.2,0.935420641760306
0.0,0.0,0.0,0.25,0.25,0.0,0.25,0.0,0.0,0.0,0.0,0.25,0.0,0.0,0.0,0.0,0.0,0.0,0.0,11.5257,-3.75,1.1762,8.25,0.0967,5.7528,295.0,Co1 Cr1 Fe1 Ni1 Pd1,0.9996644100837916
0.0,0.0,0.0,0.238095238095238,0.238095238095238,0.0,0.238095238095238,0.0,0.0476190476190476,0.0,0.0,0.238095238095238,0.0,0.0,0.0,0.0,0.0,0.0,0.0,12.5685,-3.9002,1.1666,8.1905,0.1105,5.9776,470.0,Co1 Cr1 Fe1 Mn0.2 Ni1 Pd1,0.999758113327774
0.0,0.0,0.0,0.2272727272727272,0.2272727272727272,0.0,0.2272727272727272,0.0,0.0909090909090909,0.0,0.0,0.2272727272727272,0.0,0.0,0.0,0.0,0.0,0.0,0.0,13.0106,-4.0083,1.1562,8.1364,0.1205,5.9715,380.0,Co1 Cr1 Fe1 Mn0.4 Ni1 Pd1,0.9997563990509796
0.0,0.0,0.0,0.2173913043478261,0.2173913043478261,0.0,0.2173913043478261,0.0,0.1304347826086956,0.0,0.0,0.2173913043478261,0.0,0.0,0.0,0.0,0.0,0.0,0.0,13.2416,-4.0832,1.1452,8.087,0.1281,5.9208,180.0,Co1 Cr1 Fe1 Mn0.6 Ni1 Pd1,0.9997381987242752
0.0,0.0,0.0,0.2083333333333333,0.2083333333333333,0.0,0.2083333333333333,0.0,0.1666666666666666,0.0,0.0,0.2083333333333333,0.0,0.0,0.0,0.0,0.0,0.0,0.0,13.3507,-4.1319,1.1339,8.0417,0.1339,5.8578,160.0,Co1 Cr1 Fe1 Mn0.8 Ni1 Pd1,0.9997133870541384
0.0,0.0,0.0,0.0,0.3125,0.0,0.3125,0.0,0.0,0.0,0.0,0.3125,0.0,0.0,0.0,0.0625,0.0,0.0,0.0,10.5067,-8.5156,4.1815,7.75,0.1189,2.3547,362.2,Cr1 Fe1 Ni1 Ti0.2,0.9509920666305912
0.0,0.0,0.0,0.0,0.303030303030303,0.0,0.303030303030303,0.0,0.0,0.0,0.0,0.303030303030303,0.0,0.0,0.0,0.0909090909090909,0.0,0.0,0.0,10.8363,-10.1745,4.8743,7.6364,0.1244,2.0337,510.3,Cr1 Fe1 Ni1 Ti0.3,0.920039302688598
0.0,0.0,0.0,0.0,0.2941176470588235,0.0,0.2941176470588235,0.0,0.0,0.0,0.0,0.2941176470588235,0.0,0.0,0.0,0.1176470588235294,0.0,0.0,0.0,11.0707,-11.6263,5.4002,7.5294,0.1289,1.8191,600.3,Cr1 Fe1 Ni1 Ti0.4,0.882057639329783
0.0,0.0,0.0,0.0,0.2857142857142857,0.0,0.2857142857142857,0.0,0.0,0.0,0.0,0.2857142857142857,0.0,0.0,0.0,0.1428571428571428,0.0,0.0,0.0,11.2387,-12.898,5.8158,7.4286,0.1326,1.6654,709.6,Cr1 Fe1 Ni1 Ti0.5,0.8346866215091976
0.0,0.0,0.0,0.0,0.2777777777777778,0.0,0.2777777777777778,0.0,0.0,0.0,0.0,0.2777777777777778,0.0,0.0,0.0,0.1666666666666666,0.0,0.0,0.0,11.3575,-14.0123,6.1521,7.3333,0.1358,1.5498,718.2,Cr1 Fe1 Ni1 Ti0.6,0.7803732167480487
0.0,0.0,0.0,0.1,0.1,0.0,0.5,0.0,0.3,0.0,0.0,0.0,0.0,0.0,0.0,0.0,0.0,0.0,0.0,9.7131,-0.92,0.6329,7.6,0.1321,18.5394,296.0,Co0.2 Cr0.2 Fe1 Mn0.6,0.9999432126268352
0.0,0.0029821073558648,0.0,0.0999005964214711,0.0999005964214711,0.0,0.4970178926441352,0.0,0.3001988071570576,0.0,0.0,0.0,0.0,0.0,0.0,0.0,0.0,0.0,0.0,9.863,-1.1962,1.8153,7.585,0.133,14.4911,282.0,B0.006 Co0.201 Cr0.201 Fe1 Mn0.604,0.9999342157744652
0.0,0.0059317844784972,0.0,0.0998517053880375,0.0998517053880375,0.0,0.4943153732081067,0.0,0.3000494315373208,0.0,0.0,0.0,0.0,0.0,0.0,0.0,0.0,0.0,0.0,9.9771,-1.4679,2.4803,7.5704,0.134,11.9562,306.0,B0.012 Co0.202 Cr0.202 Fe1 Mn0.607,0.9998760704241734
0.0,0.0169082125603864,0.0,0.1,0.1,0.0,0.4830917874396135,0.0,0.3,0.0,0.0,0.0,0.0,0.0,0.0,0.0,0.0,0.0,0.0,10.3274,-2.4661,4.0901,7.5155,0.1373,7.3917,452.0,B0.035 Co0.207 Cr0.207 Fe1 Mn0.621,0.9976636274141308
0.1798975672215109,0.0,0.0,0.3002560819462228,0.0998719590268886,0.0,0.0998719590268886,0.0,0.0,0.0,0.0,0.3201024327784891,0.0,0.0,0.0,0.0,0.0,0.0,0.0,12.4265,-12.4724,5.4329,7.8412,0.1189,1.6443,305.4,Al0.562 Co0.938 Cr0.312 Fe0.312 Ni1,0.861792415636446
0.1800433839479392,0.0,0.0,0.2999690114657576,0.100092965602727,0.0,0.100092965602727,0.0,0.0,0.0099163309575457,0.0,0.3098853424233034,0.0,0.0,0.0,0.0,0.0,0.0,0.0,12.7989,-12.5959,5.4791,7.7995,0.1234,1.6888,357.3,Al0.581 Co0.968 Cr0.323 Fe0.323 Mo0.032 Ni1,0.8639866621226076
0.18001800180018,0.0,0.0,0.3000300030003,0.0999099909990999,0.0,0.0999099909990999,0.0,0.0,0.0201020102010201,0.0,0.3000300030003,0.0,0.0,0.0,0.0,0.0,0.0,0.0,13.0521,-12.7112,5.5223,7.76,0.1278,1.7187,362.6,Al0.6 Co1 Cr0.333 Fe0.333 Mo0.067 Ni1,0.8644842679403156
0.18001800180018,0.0,0.0,0.3000300030003,0.0999099909990999,0.0,0.0999099909990999,0.0,0.0,0.03000300030003,0.0,0.2901290129012901,0.0,0.0,0.0,0.0,0.0,0.0,0.0,13.2556,-12.8177,5.5613,7.7204,0.1319,1.743,359.7,Al0.6 Co1 Cr0.333 Fe0.333 Mo0.1 Ni0.967,0.8644327141099041
0.0,0.0,0.0,0.0,0.0,0.0,0.0,0.2,0.0,0.0,0.2,0.0,0.0,0.0,0.2,0.2,0.0,0.0,0.2,13.3809,2.72,4.2667,4.4,0.1183,12.4117,359.0,Hf1 Nb1 Ta1 Ti1 Zr1,0.9946911350397836
0.0,0.0,0.0,0.0,0.0,0.0,0.0,0.0,0.0,0.0,0.25,0.0,0.0,0.0,0.25,0.25,0.0,0.0,0.25,11.5257,2.5,3.9612,4.5,0.1003,11.6513,358.0,Nb1 Ta1 Ti1 Zr1,0.9965743520677236
0.0,0.0,0.0,0.0,0.0,0.0,0.0,0.0,0.0,0.0,0.3749531308586426,0.0,0.0,0.0,0.2500937382827146,0.2500937382827146,0.0,0.0,0.124859392575928,10.9812,2.1242,3.0764,4.625,0.0841,13.4673,294.0,Nb1 Ta0.667 Ti0.667 Zr0.333,0.9985601329571856
0.0,0.0,0.0,0.0,0.0,0.0,0.0,0.0,0.0,0.0,0.124859392575928,0.0,0.0,0.0,0.2500937382827146,0.2500937382827146,0.0,0.0,0.3749531308586426,10.9812,2.3743,4.3533,4.375,0.1038,11.3288,489.0,Nb0.333 Ta0.667 Ti0.667 Zr1,0.9946740496129508
0.2448592217652641,0.0,0.0,0.0,0.0,0.0,0.3163555836760519,0.0,0.2856690920594748,0.0,0.0,0.1531161024992091,0.0,0.0,0.0,0.0,0.0,0.0,0.0,11.2561,-13.811,5.6729,6.7963,0.143,1.2224,310.0,Al0.774 Fe1 Mn0.903 Ni0.484,0.7935951985222998
0.2428616253529965,0.0,0.0,0.0,0.0,0.0,0.3137747097583935,0.0,0.2833385629118293,0.0,0.0,0.1518669595230624,0.0,0.0,0.0,0.0081581424537182,0.0,0.0,0.0,11.558,-14.3567,5.7625,6.7735,0.1432,1.2104,330.0,Al0.774 Fe1 Mn0.903 Ni0.484 Ti0.026,0.7841695840989189
0.2375690607734806,0.0,0.0,0.0,0.0,0.0,0.3069367710251688,0.0,0.2771639042357274,0.0,0.0,0.1485573971761817,0.0,0.0,0.0,0.0297728667894413,0.0,0.0,0.0,12.0347,-15.7504,5.9828,6.713,0.1437,1.1561,500.0,Al0.774 Fe1 Mn0.903 Ni0.484 Ti0.097,0.753175369689058
0.1111111111111111,0.0,0.0,0.0,0.2222222222222222,0.2222222222222222,0.2222222222222222,0.0,0.0,0.0,0.0,0.2222222222222222,0.0,0.0,0.0,0.0,0.0,0.0,0.0,13.1452,-0.5926,4.2203,8.1111,0.1161,37.1853,226.0,Al0.5 Cr1 Cu1 Fe1 Ni1,0.9969501418826112
0.25,0.0,0.0,0.0,0.0,0.0,0.0,0.0,0.0,0.0,0.25,0.0,0.0,0.0,0.0,0.25,0.0,0.0,0.25,11.5257,-21.5,4.3753,4.0,0.1129,1.0389,422.0,Al1 Nb1 Ti1 Zr1,0.7563124230706242
0.2222222222222222,0.0,0.0,0.0,0.2222222222222222,0.0,0.2222222222222222,0.0,0.0,0.1111111111111111,0.0,0.2222222222222222,0.0,0.0,0.0,0.0,0.0,0.0,0.0,13.1452,-13.5309,5.779,6.6667,0.1722,1.7487,623.7,Al1 Cr1 Fe1 Mo0.5 Ni1,0.8472053947552111
0.2105263157894736,0.0,0.0,0.0,0.2105263157894736,0.0,0.2105263157894736,0.0,0.0,0.1052631578947368,0.0,0.2105263157894736,0.0,0.0,0.0,0.0526315789473684,0.0,0.0,0.0,14.1676,-16.1773,6.1936,6.5263,0.1772,1.5829,712.0,Al1 Cr1 Fe1 Mo0.5 Ni1 Ti0.25,0.7777518844264484
0.2040816326530612,0.0,0.0,0.0,0.2040816326530612,0.0,0.2040816326530612,0.0,0.0,0.1020408163265306,0.0,0.2040816326530612,0.0,0.0,0.0,0.0816326530612244,0.0,0.0,0.0,14.4228,-17.4761,6.3801,6.449,0.1795,1.495,731.9,Al1 Cr1 Fe1 Mo0.5 Ni1 Ti0.4,0.736642937584697
0.2,0.0,0.0,0.0,0.2,0.0,0.2,0.0,0.0,0.1,0.0,0.2,0.0,0.0,0.0,0.1,0.0,0.0,0.0,14.5334,-18.24,6.4847,6.4,0.1808,1.4455,751.7,Al1 Cr1 Fe1 Mo0.5 Ni1 Ti0.5,0.711033930956102
0.196078431372549,0.0,0.0,0.0,0.196078431372549,0.0,0.196078431372549,0.0,0.0,0.0980392156862745,0.0,0.196078431372549,0.0,0.0,0.0,0.1176470588235294,0.0,0.0,0.0,14.6101,-18.9312,6.5759,6.3529,0.1819,1.402,756.1,Al1 Cr1 Fe1 Mo0.5 Ni1 Ti0.6,0.6865280702289609
0.1904761904761904,0.0,0.0,0.0,0.1904761904761904,0.0,0.1904761904761904,0.0,0.0,0.0952380952380952,0.0,0.1904761904761904,0.0,0.0,0.0,0.1428571428571428,0.0,0.0,0.0,14.677,-19.8458,6.6915,6.2857,0.1832,1.3461,766.2,Al1 Cr1 Fe1 Mo0.5 Ni1 Ti0.75,0.6503798780096519
0.25,0.0,0.0,0.0,0.0,0.0,0.0,0.0,0.0,0.25,0.25,0.0,0.0,0.0,0.0,0.25,0.0,0.0,0.0,11.5257,-19.5,2.1652,4.5,0.2511,1.259,509.0,Al1 Mo1 Nb1 Ti1,0.8343424580098472
0.25,0.0,0.0,0.0,0.0,0.0,0.0,0.0,0.0,0.0,0.25,0.0,0.0,0.0,0.25,0.25,0.0,0.0,0.0,11.5257,-16.0,1.0309,4.25,0.0449,1.6053,458.0,Al1 Nb1 Ta1 Ti1,0.8879419874425991
0.0,0.0,0.0,0.0,0.25,0.0,0.0,0.0,0.0,0.25,0.0,0.0,0.0,0.0,0.25,0.25,0.0,0.0,0.0,11.5257,-5.5,5.4163,5.25,0.2636,5.3998,539.0,Cr1 Mo1 Ta1 Ti1,0.9694545354898982
0.0,0.0,0.0,0.0,0.25,0.0,0.0,0.0,0.0,0.0,0.25,0.0,0.0,0.0,0.25,0.25,0.0,0.0,0.0,11.5257,-4.5,5.6078,5.0,0.0606,6.5062,495.0,Cr1 Nb1 Ta1 Ti1,0.957595551407312
0.0,0.0,0.0,0.0,0.25,0.0,0.0,0.0,0.0,0.0,0.25,0.0,0.0,0.0,0.0,0.25,0.0,0.25,0.0,11.5257,-5.5,5.4163,5.25,0.3318,5.5355,630.0,Cr1 Nb1 Ti1 W1,0.9695561541165988
0.0,0.0,0.0,0.0,0.0,0.0,0.0,0.25,0.0,0.0,0.25,0.0,0.0,0.0,0.25,0.25,0.0,0.0,0.0,11.5257,2.5,3.6789,4.5,0.1126,12.087,270.0,Hf1 Nb1 Ta1 Ti1,0.9973390166127328
0.0,0.0,0.0,0.0,0.0,0.0,0.0,0.0,0.0,0.2,0.2,0.0,0.0,0.0,0.2,0.2,0.0,0.2,0.0,13.3809,-3.84,2.5182,5.2,0.3566,10.1555,446.0,Mo1 Nb1 Ta1 Ti1 W1,0.9998969527490772
0.0,0.0,0.0,0.0,0.0,0.0,0.0,0.0,0.0,0.25,0.25,0.0,0.0,0.0,0.25,0.25,0.0,0.0,0.0,11.5257,-3.0,2.2156,5.0,0.268,10.447,431.0,Mo1 Nb1 Ta1 Ti1,0.9999384842845168
